Activity Type,Date,Favorite,Title,Distance,Calories,Time,Avg HR,Max HR,Aerobic TE,Avg Run Cadence,Max Run Cadence,Avg Pace,Best Pace,Total Ascent,Total Descent,Avg Stride Length,Training Stress ScoreÂ®,Steps,Min Temp,Decompression,Best Lap Time,Number of Laps,Max Temp,Moving Time,Elapsed Time,Min Elevation,Max Elevation
Running,22/05/2025 05:45,FALSE,Tangerang Running,8.01,395,00:52:45,164,176,3.5,175,190,06:35,05:46,4,8,0.87,0,"9,240",29,No,00:04.5,9,31,00:52:39,00:52:59,42,48
Running,21/05/2025 05:48,FALSE,Tangerang Running,8.05,402,00:54:27,161,177,3.5,172,215,06:46,05:21,5,8,0.86,0,"9,368",30,No,00:17.1,9,32,00:54:16,00:54:33,35,42
Running,18/05/2025 05:00,FALSE,Tangerang Running,21.12,904,02:03:41,170,192,4,177,194,05:51,04:23,34,29,0.97,0,"21,824",30,No,00:39.3,22,31,02:03:23,02:03:41,85,104
Running,17/05/2025 06:15,FALSE,Tangerang Running,5.01,266,00:36:52,162,181,3,166,193,07:22,04:57,9,5,0.82,0,"6,114",29,No,00:03.4,6,32,00:35:55,00:37:06,149,153
Running,14/05/2025 05:44,FALSE,Tangerang - Quality Session,10.09,420,01:03:13,155,178,2.9,162,209,06:16,03:56,5,4,0.98,0,"10,724",29,No,01:39.0,14,31,01:01:47,01:17:53,-261,-252
Running,11/05/2025 05:30,FALSE,Tangerang Running,20.91,963,02:09:41,169,185,3.8,172,203,06:12,03:46,44,44,0.94,0,"22,608",29,No,04:45.5,21,33,02:07:50,02:11:27,-160,-142
Running,10/05/2025 05:43,FALSE,Jakarta Running,2.43,116,00:18:25,142,164,2,147,188,07:34,05:23,2,7,0.9,0,"2,866",29,No,00:01.1,4,31,00:17:23,00:59:50,-127,-118
Running,09/05/2025 20:49,FALSE,Running,4.98,201,03:01:30,84,114,0.2,0,100,36:23:00,18:36,8,1,176.32,0,4,30,No,00:01.0,10,33,01:32:27,03:02:04,-120,-87
Running,09/05/2025 06:09,FALSE,Tangerang Running,6.58,308,00:42:18,158,172,3.1,178,192,06:25,05:38,2,11,0.87,0,"7,570",29,No,03:25.3,7,30,00:42:05,00:45:56,-110,-100
Running,07/05/2025 05:26,FALSE,Tangerang - Quality Session,10.97,459,01:05:41,162,187,3.2,172,215,05:59,04:00,16,6,0.97,0,"11,578",29,No,00:01.4,15,31,01:04:20,01:27:55,-101,-94
Running,06/05/2025 05:30,FALSE,Tangerang Running,8.33,380,00:56:07,154,175,3.2,173,192,06:44,05:31,8,12,0.86,0,"9,856",29,No,02:13.3,9,31,00:55:50,01:05:29,-150,-119
Running,04/05/2025 06:05,FALSE,Jakarta - Easy Run,12.31,593,01:18:54,166,179,3.6,178,190,06:24,04:49,17,28,0.88,0,"14,060",31,No,02:14.9,13,32,01:18:44,01:24:05,-108,-86
Running,03/05/2025 07:26,FALSE,Tangerang Running,2.01,102,00:12:46,170,190,2.5,173,190,06:22,05:24,2,1,0.91,0,"2,254",31,No,00:03.6,3,32,00:12:44,00:13:46,-65,-63
Running,03/05/2025 05:18,FALSE,Tangerang - Quality Session,15.25,656,01:30:40,163,189,3.8,174,212,05:57,04:35,16,14,0.97,0,"16,126",29,No,00:01.7,17,32,01:29:58,02:05:21,-67,-57
Running,02/05/2025 05:31,FALSE,Tangerang - Easy Run,11,526,01:13:13,158,178,3.5,174,190,06:39,05:38,4,11,0.87,0,"12,842",29,No,00:02.5,12,32,01:12:58,01:20:32,-39,-33
Running,01/05/2025 06:39,FALSE,Tangerang - Easy Run,8.09,374,00:53:26,156,186,3.3,167,194,06:36,05:06,3,2,0.91,0,"9,184",30,No,00:34.8,9,33,00:52:18,01:04:54,-16,-11
Running,30/04/2025 05:17,FALSE,Tangerang - Quality Session,13.04,586,01:20:27,168,195,3.8,160,210,06:10,04:10,12,14,1.02,0,"13,502",29,No,01:26.7,19,32,01:16:57,01:30:44,33,42
Running,29/04/2025 06:09,FALSE,Tangerang Running,8.01,370,00:52:52,157,179,3.3,175,194,06:36,05:37,6,7,0.86,0,"9,392",30,No,00:06.3,9,32,00:52:48,00:56:51,41,68
Running,27/04/2025 06:38,FALSE,Tangerang - Easy Run,9.05,432,00:57:28,165,185,3.7,178,192,06:21,05:20,5,9,0.89,0,"10,270",29,No,00:19.9,10,32,00:57:18,00:58:37,44,52
Running,26/04/2025 05:01,FALSE,Tangerang - Quality Session,23.53,"1,050",02:31:49,166,185,3.7,174,192,06:27,05:05,20,28,0.89,0,"26,702",29,No,03:37.7,24,34,02:30:31,03:03:57,-269,-249
Running,25/04/2025 06:15,FALSE,Tangerang - Easy Run,6.64,318,00:44:37,158,175,3.1,174,242,06:43,05:22,3,9,0.86,0,"7,804",30,No,03:58.9,7,31,00:44:19,00:52:35,-254,-237
Running,24/04/2025 06:01,FALSE,Tangerang - Easy Run,8.52,418,00:55:28,164,186,3.6,177,190,06:30,05:32,7,12,0.87,0,"9,850",29,No,03:10.9,9,31,00:55:19,00:56:12,-233,-223
Running,23/04/2025 06:04,FALSE,Tangerang - Quality Session,12.22,534,01:14:59,165,185,3.5,169,215,06:08,04:13,16,15,0.96,0,"13,068",29,No,00:02.6,23,32,01:13:03,01:24:33,-196,-189
Running,22/04/2025 06:13,FALSE,Tangerang Running,10.05,467,01:06:36,159,176,3.4,176,190,06:38,05:38,4,9,0.86,0,"11,776",29,No,00:17.2,11,31,01:06:25,01:08:04,-188,-183
Running,20/04/2025 05:25,FALSE,Tangerang Running,10.17,458,01:07:30,157,173,3.2,177,190,06:38,05:45,5,23,0.85,0,"12,036",28,No,01:10.4,11,31,01:07:20,01:08:23,-158,-136
Running,19/04/2025 05:28,FALSE,Tangerang Running,21.01,917,02:12:05,166,183,3.6,179,192,06:17,05:23,26,34,0.89,0,"23,546",29,No,00:05.0,22,31,02:11:56,02:19:39,-132,-117
Running,18/04/2025 06:32,FALSE,Tangerang Running,10.11,478,01:06:45,162,179,3.8,178,192,06:36,05:32,11,13,0.85,0,"11,922",29,No,00:43.0,11,31,01:05:34,01:07:32,-117,-107
Running,16/04/2025 06:13,FALSE,Quality Session,12.54,428,01:01:23,164,189,4,161,220,04:54,03:45,19,21,1.24,0,"10,258",28,No,00:01.1,31,31,01:00:08,01:03:41,-113,-89
Running,15/04/2025 06:03,FALSE,Tangerang Running,9.02,433,01:02:59,159,179,3.4,174,188,06:59,05:40,5,11,0.82,0,"11,004",29,No,00:07.9,10,31,01:02:34,01:05:06,-89,-81
Running,13/04/2025 06:06,FALSE,Jakarta Running,10.17,489,01:04:26,170,182,4.2,178,192,06:20,04:49,20,29,0.89,0,"11,464",30,No,01:00.3,11,32,01:04:17,01:04:26,-107,-86
Running,12/04/2025 06:02,FALSE,Tangerang Running,14.3,645,01:32:18,163,179,3.9,177,190,06:27,05:40,6,17,0.87,0,"16,350",29,No,01:48.7,15,30,01:31:33,01:35:47,-84,-73
Running,06/04/2025 06:34,FALSE,Tangerang - Easy Run,8.3,385,01:00:07,151,172,3.3,166,192,07:14,05:49,5,7,0.83,0,"10,180",30,No,02:06.7,9,33,00:58:33,01:04:53,33,40
Running,05/04/2025 05:07,FALSE,Tangerang - Quality Session,21.01,936,02:15:57,169,196,4.6,172,190,06:28,05:16,7,18,0.9,0,"23,468",29,No,00:02.4,22,31,02:14:34,02:23:07,24,34
Running,03/04/2025 06:28,FALSE,Tangerang - Easy Run,8.78,424,01:00:06,162,180,3.5,175,194,06:51,05:07,5,11,0.84,0,"10,466",29,No,05:18.4,9,30,00:59:40,01:01:38,27,38
Running,02/04/2025 06:26,FALSE,Tangerang - Quality Session,12.01,525,01:17:45,164,193,3.6,154,226,06:29,04:07,10,15,0.99,0,"12,670",29,No,00:06.5,28,31,01:15:53,01:28:10,39,52
Running,30/03/2025 06:28,FALSE,Tangerang Running,10,471,01:05:27,163,181,4.3,174,200,06:33,05:27,9,12,0.88,0,"11,456",29,No,00:01.2,11,33,01:04:41,01:06:36,-500,-500
Running,28/03/2025 06:19,FALSE,Tangerang - Quality Session,10.51,442,01:08:11,155,178,3.7,165,212,06:29,04:00,2,16,0.95,0,"11,600",30,No,00:01.4,27,30,01:07:23,01:08:41,-500,-500
Running,23/03/2025 05:19,FALSE,Tangerang Running,16.08,748,01:45:38,165,178,4,176,200,06:34,04:45,13,16,0.87,0,"18,630",28,No,00:39.8,17,31,01:44:53,01:50:04,-500,-500
Running,22/03/2025 06:31,FALSE,Tangerang - Easy Run,7.03,338,00:47:03,161,173,3.5,174,188,06:42,05:30,7,11,0.86,0,"8,224",30,No,00:12.7,8,31,00:46:12,00:47:03,-500,-500
Running,21/03/2025 06:09,FALSE,Tangerang - Easy Run,8.17,388,00:56:09,157,177,3.5,174,214,06:53,05:24,22,25,0.84,0,"9,900",29,No,01:05.5,9,33,00:55:40,01:00:50,-500,-500
Running,19/03/2025 05:52,FALSE,Tangerang Running,4.01,193,00:27:20,154,175,3,173,190,06:49,05:36,9,18,0.85,0,"4,742",27,No,00:05.6,5,29,00:26:45,00:27:20,-500,-500
Running,16/03/2025 06:25,FALSE,Tangerang - Easy Run,10,476,01:07:50,156,178,3.7,171,237,06:47,05:42,7,8,0.86,0,"11,708",28,No,00:01.8,11,31,01:07:40,01:13:05,-484,-479
Running,14/03/2025 06:41,FALSE,Tangerang - Easy Run,6,287,00:40:21,156,185,3.1,171,192,06:43,05:17,15,16,0.87,0,"7,080",30,No,00:03.7,7,31,00:39:42,00:46:26,-431,-394
Running,02/03/2025 09:21,FALSE,Shinjuku Ward Running,42.36,"1,194",03:56:23,155,174,3.1,179,196,05:35,04:15,92,104,1,0,"42,476",20,No,01:35.7,43,33,03:55:02,03:56:23,-359,-317
Running,01/03/2025 07:34,FALSE,Shinjuku Ward - Easy Run,4.04,170,00:30:40,139,165,1.6,161,203,07:35,04:32,10,27,0.82,0,"5,106",17,No,00:40.5,5,27,00:29:43,01:06:27,-348,-312
Running,26/02/2025 06:07,FALSE,Tangerang - Quality Session,11.59,475,01:12:45,154,181,3.2,169,206,06:17,04:14,10,16,0.93,0,"12,762",28,No,00:02.8,19,30,01:11:18,01:15:23,-208,-194
Running,25/02/2025 06:40,FALSE,Tangerang - Easy Run,4.89,224,00:31:59,154,173,3,169,212,06:33,03:43,2,7,0.91,0,"5,624",29,No,00:19.0,9,30,00:31:46,00:32:54,-185,-178
Running,23/02/2025 05:57,FALSE,Tangerang - Quality Session,16.02,699,01:34:46,165,185,3.9,180,192,05:55,04:59,6,18,0.94,0,"17,014",28,No,00:06.1,17,29,01:34:01,01:35:48,-129,-120
Running,22/02/2025 06:33,FALSE,Tangerang - Easy Run,6.02,280,00:38:07,163,183,3.3,174,214,06:20,03:49,3,13,0.91,0,"6,730",27,No,00:07.1,18,30,00:37:31,00:40:28,-149,-138
Running,19/02/2025 05:29,FALSE,Tangerang - Quality Session,8.48,333,00:55:05,148,180,2.8,162,206,06:30,04:15,3,12,0.94,0,"9,286",27,No,00:05.5,15,30,00:54:35,01:02:48,-118,-110
Running,18/02/2025 05:47,FALSE,Tangerang - Easy Run,5.37,251,00:34:49,159,188,3.2,174,211,06:29,03:48,2,8,0.89,0,"6,042",28,No,00:00:20,13,30,00:34:30,00:35:01,-113,-105
Running,16/02/2025 05:38,FALSE,Tangerang - Quality Session,18.01,783,01:49:11,163,196,4.6,177,195,06:04,04:57,15,23,0.93,0,"19,366",28,No,00:06.7,19,32,01:47:33,01:51:57,-91,-80
Running,15/02/2025 06:46,FALSE,Tangerang - Easy Run,8.72,408,00:58:07,160,179,3.3,174,217,06:40,03:50,9,11,0.88,0,"10,206",29,No,00:06.5,21,31,00:57:49,00:58:07,-82,-75
Running,14/02/2025 06:20,FALSE,Tangerang - Easy Run,6.01,292,00:38:57,163,175,3.3,175,228,06:29,05:02,2,9,0.88,0,"6,876",29,No,00:08.0,7,31,00:38:56,00:39:15,-46,-39
Running,12/02/2025 04:55,FALSE,Tangerang - Quality Session,13.03,528,01:20:11,157,181,3.2,168,202,06:09,04:27,3,13,0.95,0,"13,734",28,No,00:01.5,24,31,01:18:14,01:24:20,-13,-3
Running,11/02/2025 05:17,FALSE,Tangerang - Easy Run,6.31,294,00:47:17,150,168,2.7,159,206,07:30,03:45,6,9,0.83,0,"7,728",29,No,00:13.3,18,31,00:46:04,00:49:09,40,49
Running,09/02/2025 06:18,FALSE,Tangerang - Easy Run,8.02,384,00:54:49,158,178,3.2,173,190,06:50,05:18,5,12,0.84,0,"9,546",28,No,01:55.2,9,30,00:54:32,00:59:08,-177,-170
Running,08/02/2025 05:04,FALSE,Tangerang - Quality Session,32.01,963,03:10:16,153,173,3.1,179,196,05:57,02:12,25,39,0.94,0,"34,022",27,No,00:03.2,33,29,03:09:36,03:13:37,-155,-140
Running,07/02/2025 05:26,FALSE,Tangerang - Easy Run,6.68,321,00:46:55,154,172,3,174,190,07:01,05:45,2,12,0.82,0,"8,190",29,No,04:46.2,7,30,00:46:49,00:48:52,-141,-128
Running,05/02/2025 06:06,FALSE,Tangerang - Quality Session,12.93,598,01:22:22,164,190,3.9,161,206,06:22,04:10,23,27,1,0,"13,902",29,No,00:04.4,21,32,01:18:31,01:25:43,-60,-53
Running,04/02/2025 04:59,FALSE,Tangerang - Easy Run,8.72,399,01:02:29,150,171,2.7,171,188,07:10,06:00,11,15,0.82,0,"10,744",27,No,05:05.6,9,30,01:01:39,01:03:16,-34,-26
Running,02/02/2025 06:48,FALSE,Tangerang - Easy Run,7.39,338,00:50:14,151,168,3,175,190,06:48,05:49,3,7,0.84,0,"8,884",30,No,00:14.3,9,31,00:50:04,00:51:01,20,27
Running,01/02/2025 05:15,FALSE,Tangerang - Quality Session,25.01,"1,003",02:30:00,166,186,3.8,180,194,06:00,05:00,35,39,0.92,0,"26,934",30,No,00:03.6,26,31,02:29:32,02:41:18,37,54
Running,31/01/2025 05:43,FALSE,Tangerang - Easy Run,7.86,373,00:54:28,154,170,3,172,191,06:56,04:50,7,12,0.84,0,"9,504",28,No,05:30.8,8,30,00:53:41,00:56:54,-209,-200
Running,29/01/2025 06:22,FALSE,Tangerang - Quality Session,13.13,543,01:20:16,157,183,3.4,173,202,06:07,04:28,11,19,0.94,0,"14,186",28,No,00:00.7,19,30,01:19:05,01:27:40,-156,-137
Running,28/01/2025 06:06,FALSE,Tangerang - Easy Run,10.63,516,01:11:08,160,175,3.4,179,190,06:41,05:49,4,12,0.84,0,"12,802",29,No,01:08.0,12,31,01:10:28,01:12:29,-115,-107
Running,26/01/2025 06:06,FALSE,Tangerang - Easy Run,7.82,358,00:51:17,154,175,3.1,177,194,06:34,05:30,8,10,0.86,0,"9,144",28,No,01:16.5,9,31,00:50:53,00:51:46,-89,-79
Running,25/01/2025 04:58,FALSE,Tangerang - Quality Session,29.01,"1,108",02:51:56,161,196,3.4,182,194,05:56,04:45,15,29,0.93,0,"31,156",27,No,00:03.4,30,31,02:51:25,02:58:01,-96,-85
Running,24/01/2025 05:46,FALSE,Tangerang - Easy Run,6.51,306,00:42:32,157,171,3.2,177,194,06:32,05:26,5,8,0.87,0,"7,516",28,No,03:13.8,7,29,00:42:28,00:43:23,-67,-60
Running,22/01/2025 05:38,FALSE,Tangerang - Quality Session,12.89,544,01:23:35,157,179,3,163,205,06:29,02:43,14,25,0.94,0,"14,162",27,No,00:02.2,25,30,01:20:31,01:27:37,-51,-21
Running,21/01/2025 04:54,FALSE,Tangerang - Easy Run,10.04,463,01:11:41,150,168,2.9,172,214,07:08,05:45,9,14,0.82,0,"12,400",29,No,01:41.3,11,30,01:10:48,01:13:06,-27,-18
Running,19/01/2025 04:55,FALSE,Tangerang - Quality Session,28,"1,191",02:52:59,165,192,3.5,176,192,06:11,04:54,26,24,0.92,0,"30,478",28,No,00:02.9,29,35,02:51:52,03:14:40,45,55
Running,17/01/2025 05:18,FALSE,Tangerang - Easy Run,6.23,287,00:42:49,150,161,2.6,171,188,06:53,06:08,8,8,0.85,0,"7,374",30,No,01:32.6,7,31,00:42:22,00:42:49,45,51
Running,14/01/2025 05:25,FALSE,Tangerang - Easy Run,7.08,331,00:48:11,153,166,2.9,178,192,06:48,05:47,7,11,0.83,0,"8,578",30,No,00:34.4,8,31,00:48:04,00:49:34,1,10
Running,12/01/2025 05:25,FALSE,Tangerang - Quality Session,18.8,708,01:53:06,157,188,3.3,180,192,06:01,04:59,17,17,0.92,0,"20,330",28,No,05:25.8,19,31,01:53:00,02:00:34,47,55
Running,11/01/2025 06:18,FALSE,Tangerang - Easy Run,8.12,385,00:55:49,157,170,3,177,186,06:53,05:57,9,18,0.82,0,"9,866",28,No,00:48.7,9,29,00:55:46,00:55:49,35,46
Running,10/01/2025 05:56,FALSE,Tangerang - Quality Session,8.53,399,00:52:21,170,191,3.7,169,199,06:08,04:47,7,15,0.96,0,"9,000",29,No,00:09.1,13,31,00:50:36,00:52:40,47,59
Running,10/01/2025 05:27,FALSE,Tangerang - Easy Run,3.24,146,00:22:08,149,172,2.3,172,199,06:50,04:18,3,4,0.86,0,"3,898",29,No,01:10.4,4,31,00:22:03,00:23:02,43,49
Running,09/01/2025 19:27,FALSE,Tangerang Running,10.11,490,01:07:57,162,183,3.4,174,205,06:43,05:42,11,18,0.85,0,"11,870",30,No,00:46.0,11,31,01:07:43,01:07:57,-19,-9
Running,07/01/2025 05:10,FALSE,Tangerang Running,10.47,464,01:09:29,153,168,2.8,178,190,06:38,05:50,6,14,0.85,0,"12,374",29,No,02:56.4,11,31,01:09:12,01:10:04,59,69
Running,05/01/2025 06:18,FALSE,Tangerang - Easy Run,10.06,451,01:04:12,155,176,3.4,181,190,06:23,05:40,10,14,0.87,0,"11,600",29,No,00:25.4,11,32,01:03:44,01:04:38,-28,-19
Running,04/01/2025 05:40,FALSE,Tangerang - Quality Session,23,"1,041",02:24:11,165,187,4.2,177,194,06:16,05:06,23,29,0.9,0,"25,564",29,No,05:23.6,23,34,02:22:37,02:26:24,-15,-6
Running,03/01/2025 05:12,FALSE,Tangerang - Easy Run,11.9,518,01:21:40,151,171,2.5,178,192,06:52,05:50,9,18,0.82,0,"14,562",28,No,05:59.9,12,30,01:21:25,01:24:39,13,26
Running,01/01/2025 06:29,FALSE,Tangerang - Quality Session,11.93,508,01:12:31,161,187,3.4,165,207,06:05,03:56,12,13,1.01,0,"12,590",29,No,00:01:00,22,33,01:10:37,01:19:14,28,39
Running,31/12/2024 05:14,FALSE,Tangerang Running,11.01,506,01:14:58,153,166,3,173,190,06:49,05:49,15,24,0.85,0,"13,182",28,No,00:02.9,12,30,01:14:13,01:17:29,29,48
Running,29/12/2024 07:00,FALSE,Tangerang - Easy Run,9.02,420,00:57:40,158,173,3.3,177,194,06:23,05:40,4,6,0.89,0,"10,238",29,No,00:08.1,10,31,00:56:35,00:58:04,31,37
Running,28/12/2024 05:09,FALSE,Tangerang - Quality Session,25,"1,043",02:33:53,161,185,3.3,179,194,06:09,04:41,12,26,0.91,0,"27,452",29,No,00:01.3,26,31,02:32:43,02:37:42,24,46
Running,27/12/2024 06:16,FALSE,Tangerang - Quality Session,12.02,529,01:10:23,164,191,3.9,178,194,05:51,04:59,8,16,0.96,0,"12,642",28,No,00:05.5,13,30,01:10:11,01:11:07,46,53
Running,25/12/2024 06:28,FALSE,Tangerang - Quality Session,11.63,511,01:10:21,165,205,3.9,170,212,06:03,04:02,10,16,0.97,0,"12,228",29,No,00:04.9,20,32,01:09:08,01:13:22,37,45
Running,24/12/2024 05:05,FALSE,Tangerang Running,12.33,579,01:18:46,163,174,3.6,178,190,06:23,05:33,4,15,0.88,0,"14,004",29,No,01:54.5,13,30,01:18:28,01:18:46,31,45
Running,22/12/2024 06:29,FALSE,Tangerang - Easy Run,10.25,476,01:09:16,156,173,3.3,177,192,06:45,05:27,4,10,0.83,0,"12,316",29,No,01:37.5,11,31,01:08:40,01:10:41,45,52
Running,21/12/2024 04:54,FALSE,Tangerang - Quality Session,23,962,02:23:25,163,191,4.1,178,199,06:14,05:05,13,17,0.9,0,"25,520",29,No,00:01.6,24,31,02:22:18,02:30:39,36,41
Running,20/12/2024 05:24,FALSE,Tangerang - Quality Session,10.54,493,01:09:21,158,176,3.4,177,190,06:35,05:46,12,18,0.86,0,"12,266",29,No,03:31.6,11,30,01:09:05,01:12:13,38,50
Running,18/12/2024 05:03,FALSE,Tangerang - Quality Session,10.83,412,01:08:35,150,178,2.6,154,247,06:20,03:33,10,16,1.05,0,"11,532",28,No,00:49.5,25,30,01:06:51,01:17:08,-152,-141
Running,15/12/2024 05:52,FALSE,Tangerang - Easy Run,14,642,01:38:04,154,175,3.1,174,188,07:00,05:45,14,20,0.82,0,"17,192",29,No,00:02.7,15,31,01:36:52,01:40:38,-133,-127
Running,14/12/2024 05:45,FALSE,Tangerang - Quality Session,22.01,820,02:15:08,159,183,3.2,175,201,06:08,04:21,28,35,0.93,0,"23,948",28,No,00:02.6,23,32,02:13:17,02:17:14,-126,-116
Running,13/12/2024 06:27,FALSE,Tangerang - Quality Session,10,453,01:04:44,159,175,3.3,174,192,06:28,04:59,12,12,0.89,0,"11,396",30,No,00:01.9,11,33,01:04:33,01:07:23,-76,-68
Running,11/12/2024 06:35,FALSE,Tangerang - Quality Session,8.35,388,00:52:49,166,189,3.8,152,215,06:20,03:36,27,22,1.06,0,"8,712",30,No,00:01.6,25,34,00:51:39,01:02:07,-59,-43
Running,10/12/2024 05:12,FALSE,Tangerang - Easy Run,8,382,00:55:58,156,175,3.1,173,190,07:00,05:50,9,18,0.83,0,"9,798",29,No,00:01.9,9,30,00:55:44,00:58:25,-29,-13
Running,07/12/2024 05:06,FALSE,Tangerang - Quality Session,19.01,800,01:58:05,166,192,3.5,174,200,06:13,04:38,32,43,0.92,0,"20,798",29,No,00:05.1,20,32,01:57:20,02:17:52,-4,8
Running,06/12/2024 06:09,FALSE,Tangerang - Quality Session,10.01,405,01:02:51,151,172,2.9,178,190,06:17,05:28,12,23,0.89,0,"11,242",27,No,00:02.4,11,29,01:02:24,01:03:52,-3,40
Running,05/12/2024 05:31,FALSE,Tangerang - Quality Session,9.81,451,01:05:43,163,191,3.7,141,231,06:42,03:28,14,23,1.17,0,"10,442",28,No,00:05.7,36,30,01:04:04,01:06:42,34,48
Running,03/12/2024 05:15,FALSE,Tangerang - Easy Run,6.27,297,00:45:53,151,173,2.8,169,188,07:19,05:51,8,12,0.81,0,"7,870",28,No,01:51.4,7,30,00:45:17,00:49:25,-22,-10
Running,01/12/2024 05:12,FALSE,Tangerang - Easy Run,9.44,392,01:09:22,141,163,2.6,163,196,07:21,05:24,12,10,0.83,0,"11,588",29,No,02:54.3,10,31,01:07:13,01:31:03,9,16
Running,30/11/2024 05:28,FALSE,Tangerang - Quality Session,23,"1,061",02:21:51,170,193,5,181,196,06:10,05:05,19,29,0.9,0,"25,510",29,No,00:03.0,24,32,02:20:51,02:25:43,12,20
Running,29/11/2024 05:23,FALSE,Tangerang - Easy Run,10.01,454,01:11:44,152,175,3,171,188,07:10,05:45,9,12,0.82,0,"12,342",28,No,00:05.1,11,30,01:11:15,01:16:03,15,27
Running,28/11/2024 05:45,FALSE,Tangerang Running,8.53,397,00:58:19,156,179,3.2,172,190,06:50,05:07,12,7,0.85,0,"10,126",28,No,03:13.0,9,30,00:57:54,01:08:08,30,38
Running,27/11/2024 06:25,FALSE,Tangerang - Quality Session,11.68,516,01:09:32,167,192,3.8,179,192,05:57,04:32,10,15,0.94,0,"12,506",30,No,00:22.4,14,33,01:09:19,01:10:43,46,52
Running,23/11/2024 05:35,FALSE,Tangerang - Quality Session,20.02,902,02:02:33,167,196,4.6,180,196,06:07,05:08,21,25,0.91,0,"22,122",29,No,00:05.3,21,33,02:02:09,02:10:31,41,54
Running,22/11/2024 05:03,FALSE,Tangerang - Easy Run,8.17,393,00:54:10,161,174,3.5,178,186,06:38,05:31,8,14,0.85,0,"9,660",29,No,01:03.8,9,31,00:54:04,00:54:10,-31,-23
Running,20/11/2024 05:22,FALSE,Tangerang - Quality Session,11.95,487,01:09:32,167,203,4.2,168,231,05:49,03:51,19,28,1.04,0,"12,254",28,No,00:16.2,29,30,01:08:36,01:11:36,-3,17
Running,19/11/2024 05:02,FALSE,Tangerang Running,9.69,464,01:05:02,162,178,3.4,171,217,06:43,03:38,8,17,0.88,0,"11,224",28,No,04:38.7,10,31,01:04:12,01:05:02,31,43
Running,16/11/2024 05:30,FALSE,Tangerang Running,18.01,859,01:56:35,168,186,4,176,192,06:29,05:23,15,21,0.88,0,"20,494",30,No,00:04.9,19,32,01:54:25,01:59:57,45,52
Running,15/11/2024 06:10,FALSE,Tangerang - Easy Run,10.74,503,01:12:21,160,179,3.2,173,196,06:44,05:34,11,11,0.86,0,"12,686",29,No,04:55.7,11,32,01:11:26,01:22:42,-74,-68
Running,12/11/2024 04:57,FALSE,Tangerang - Easy Run,8.13,388,00:56:20,155,172,3.2,174,208,06:56,03:29,8,7,0.84,0,"9,824",28,No,00:00:20,10,29,00:55:44,00:57:51,-29,-23
Running,10/11/2024 05:07,FALSE,Tangerang - Quality Session,20.3,718,01:54:11,161,186,3.7,183,214,05:37,04:39,24,34,0.97,0,"20,800",28,No,00:08.9,22,29,01:54:05,01:54:21,2,17
Running,09/11/2024 05:40,FALSE,Tangerang - Easy Run,11,543,01:10:53,168,184,4.2,179,192,06:27,05:48,15,14,0.87,0,"12,652",29,No,00:08.8,12,33,01:10:20,01:14:20,25,33
Running,08/11/2024 05:19,FALSE,Tangerang - Easy Run,7.25,338,00:53:29,150,173,2.9,159,206,07:22,04:09,4,9,0.86,0,"8,958",29,No,00:02.8,20,31,00:52:12,00:54:57,31,39
Running,06/11/2024 05:17,FALSE,Tangerang - Easy Run,8,376,00:55:09,156,169,3,176,190,06:54,06:01,6,12,0.82,0,"9,690",29,No,00:03.6,9,29,00:55:00,00:55:49,40,48
Running,02/11/2024 05:27,FALSE,Tangerang - Easy Run,15.17,691,01:39:05,161,179,3.4,178,190,06:32,05:40,12,19,0.86,0,"17,622",29,No,01:02.1,16,32,01:37:57,01:39:27,37,47
Running,01/11/2024 06:18,FALSE,Tangerang - Easy Run,10.85,511,01:15:29,157,180,3.3,170,210,06:57,03:59,9,10,0.87,0,"13,140",29,No,00:01.5,23,32,01:14:39,01:18:44,47,53
Running,30/10/2024 05:05,FALSE,Tangerang - Quality Session,12.78,450,01:18:44,149,176,2.6,161,219,06:10,03:58,16,14,1.02,0,"13,380",29,No,00:01:00,30,31,01:15:41,01:26:44,17,25
Running,29/10/2024 04:49,FALSE,Tangerang - Easy Run,10.53,473,01:16:27,148,171,2.9,167,188,07:16,05:31,7,14,0.82,0,"13,058",29,No,03:19.6,11,31,01:15:52,01:19:16,31,41
Running,27/10/2024 05:52,FALSE,Tangerang - Easy Run,15.01,642,01:37:12,157,173,3.1,178,206,06:29,04:30,21,21,0.87,0,"17,296",29,No,00:04.2,16,32,01:36:04,01:41:16,42,52
Running,26/10/2024 05:35,FALSE,Tangerang - Quality Session,22.01,975,02:13:53,166,185,4.6,179,196,06:05,01:24,22,24,0.92,0,"24,146",28,No,00:02.8,23,34,02:13:02,02:25:33,-13,1
Running,25/10/2024 05:34,FALSE,Tangerang - Easy Run,16.05,700,01:45:09,161,181,3.7,173,215,06:33,03:40,19,28,0.9,0,"18,502",27,No,00:01.9,27,32,01:44:18,01:54:04,8,22
Running,23/10/2024 05:08,FALSE,Tangerang - Quality Session,13.64,563,01:26:31,159,190,3.4,150,236,06:21,03:30,18,22,1.09,0,"14,408",28,No,00:02.7,40,31,01:24:07,01:28:14,19,25
Running,22/10/2024 05:12,FALSE,Tangerang - Easy Run,6.78,295,00:55:54,135,169,2.5,152,201,08:15,06:00,3,9,0.79,0,"8,916",27,No,05:13.2,7,31,00:53:41,01:05:21,40,52
Running,20/10/2024 05:49,FALSE,Tangerang - Easy Run,15.01,667,01:42:51,154,176,3.6,173,209,06:51,05:35,7,13,0.84,0,"17,982",27,No,00:02.5,16,32,01:41:50,01:48:13,42,53
Running,19/10/2024 05:35,FALSE,Tangerang - Quality Session,22.01,845,02:12:26,163,189,3.4,180,194,06:01,05:14,29,39,0.92,0,"23,862",27,No,00:02.0,23,31,02:12:14,02:18:07,-219,-204
Running,18/10/2024 05:47,FALSE,Tangerang - Easy Run,9.17,406,00:58:18,162,188,3.8,175,214,06:22,04:02,5,12,0.9,0,"10,248",27,No,00:02.7,20,28,00:57:40,00:59:46,-191,-181
Running,17/10/2024 05:18,FALSE,Tangerang - Quality Session,13.88,557,01:22:32,164,189,3.8,167,214,05:57,03:38,27,28,1.02,0,"14,436",25,No,00:01.1,34,30,01:21:09,01:30:43,-172,-161
Running,15/10/2024 05:00,FALSE,Tangerang - Easy Run,10.22,468,01:13:12,155,180,3.1,173,188,07:10,06:17,10,22,0.81,0,"12,764",28,No,01:33.7,11,32,01:12:32,01:14:18,-133,-122
Running,13/10/2024 06:04,FALSE,Tangerang - Easy Run,10.01,487,01:05:03,167,185,4,175,201,06:30,04:58,9,13,0.88,0,"11,426",29,No,00:03.2,11,33,01:04:59,01:05:03,-68,-59
Running,12/10/2024 05:40,FALSE,Tangerang - Quality Session,18,792,01:46:46,173,190,4.5,180,198,05:56,04:46,13,19,0.94,0,"19,248",29,No,00:01.6,19,32,01:46:28,01:56:02,-113,-91
Running,11/10/2024 06:38,FALSE,Tangerang - Quality Session,8.17,406,00:53:15,170,193,4,171,207,06:31,03:49,15,13,0.9,0,"9,296",30,No,00:06.2,19,33,00:53:04,00:55:38,-90,-83
Running,09/10/2024 05:09,FALSE,Tangerang - Quality Session,10.55,395,01:02:44,156,186,3.1,172,197,05:57,04:13,15,16,0.97,0,"10,864",28,No,00:00.6,23,32,01:02:00,01:09:30,-55,-44
Running,08/10/2024 05:09,FALSE,Tangerang - Easy Run,8.52,400,00:56:34,162,178,3.7,175,188,06:38,05:38,6,15,0.86,0,"9,946",28,No,03:15.0,9,32,00:56:27,00:56:34,-26,-14
Running,02/10/2024 06:03,FALSE,Tangerang Running,6.89,329,00:46:42,161,174,3.2,177,190,06:47,05:54,5,9,0.84,0,"8,254",30,No,06:08.7,7,32,00:46:16,00:49:53,31,40
Running,27/09/2024 06:41,FALSE,Tangerang - Quality Session,6.69,302,00:44:19,158,182,3.2,175,207,06:37,03:43,9,9,0.87,0,"7,772",29,No,00:00.9,14,31,00:43:58,00:45:43,33,39
Running,25/09/2024 06:06,FALSE,Tangerang - Quality Session,11.47,522,01:15:39,163,185,3.7,154,205,06:36,04:12,21,23,0.97,0,"12,460",29,No,00:03.4,23,32,01:09:31,01:16:50,28,37
Running,22/09/2024 06:30,FALSE,Tangerang - Easy Run,5.24,245,00:39:27,150,169,2.6,163,192,07:31,05:44,1,6,0.82,0,"6,596",29,No,02:51.2,6,31,00:37:40,00:40:28,45,52
Running,21/09/2024 05:45,FALSE,Tangerang - Quality Session,18,752,01:48:05,166,182,4.1,181,202,06:00,04:38,19,16,0.92,0,"19,472",28,No,00:01.8,19,32,01:47:46,01:56:10,41,52
Running,20/09/2024 06:26,FALSE,Tangerang - Quality Session,8.22,394,00:53:54,170,190,3.8,174,207,06:33,03:58,7,14,0.88,0,"9,418",29,No,00:02.0,19,30,00:53:33,00:53:54,9,19
Running,18/09/2024 05:04,FALSE,Tangerang - Quality Session,9.66,385,01:03:47,153,169,2.7,163,207,06:36,04:10,12,13,0.98,0,"10,714",26,No,00:55.2,16,30,00:58:58,01:04:42,48,53
Running,17/09/2024 04:59,FALSE,Tangerang - Easy Run,8,371,00:53:37,161,177,3.3,175,188,06:42,05:45,7,12,0.85,0,"9,432",28,No,00:02.9,9,31,00:53:31,00:53:37,63,73
Running,15/09/2024 05:47,FALSE,Tangerang Running,15.02,671,01:39:48,163,179,3.4,177,190,06:39,05:07,26,34,0.85,0,"17,634",29,No,00:04.2,16,31,01:39:08,01:43:29,34,56
Running,14/09/2024 06:03,FALSE,Tangerang Running,9.22,440,01:03:51,161,169,3.3,174,191,06:56,05:44,17,18,0.83,0,"11,146",29,No,01:25.9,10,31,01:02:55,01:08:13,40,52
Running,13/09/2024 06:28,FALSE,Tangerang - Quality Session,8.01,346,00:48:31,166,186,3.4,168,196,06:03,04:50,10,8,0.99,0,"8,266",28,No,00:03.1,15,29,00:47:14,00:50:51,35,42
Running,13/09/2024 06:03,FALSE,Tangerang Running,3.11,140,00:20:07,159,174,2.7,177,192,06:29,04:59,11,9,0.87,0,"3,566",28,No,00:33.1,4,30,00:20:03,00:24:13,36,52
Running,12/09/2024 19:41,FALSE,Tangerang Running,8.01,365,00:52:08,161,186,3.6,173,186,06:30,05:47,7,21,0.89,0,"9,018",29,No,00:03.8,9,32,00:51:54,00:53:58,-65,-51
Running,10/09/2024 06:13,FALSE,Tangerang - Easy Run,8,382,00:54:51,162,182,3.5,173,188,06:51,06:05,8,25,0.84,0,"9,562",28,No,00:02.9,9,31,00:54:36,00:55:52,-67,-40
Running,07/09/2024 06:05,FALSE,Tangerang - Easy Run,12,551,01:18:39,163,194,3.7,172,192,06:33,05:13,9,15,0.89,0,"13,702",29,No,00:02.5,13,32,01:16:30,01:18:39,-33,-26
Running,06/09/2024 05:46,FALSE,Tangerang - Quality Session,11.5,527,01:13:23,167,193,4,175,194,06:23,04:31,7,15,0.89,0,"12,866",29,No,00:03.5,16,31,01:11:35,01:13:36,4,11
Running,05/09/2024 06:16,FALSE,Tangerang Running,7.56,366,00:51:13,163,177,3.6,173,190,06:47,04:49,5,8,0.85,0,"8,910",29,No,03:46.4,8,31,00:50:42,00:51:25,5,9
Running,01/09/2024 06:25,FALSE,Tangerang - Easy Run,6.02,302,00:42:54,163,191,3.3,170,194,07:08,05:47,2,9,0.82,0,"7,426",28,No,00:06.1,7,30,00:41:40,00:42:54,46,53
Running,31/08/2024 05:42,FALSE,Tangerang - Easy Run,10,503,01:07:41,167,182,4,171,190,06:46,05:48,9,15,0.86,0,"11,740",28,No,00:01.6,11,31,01:07:12,01:08:15,-265,-254
Running,25/08/2024 05:30,FALSE,Gianyar Running,21.17,"1,053",02:07:23,178,192,5,174,225,06:01,03:39,171,171,0.96,0,"22,264",29,No,00:46.7,22,32,02:06:57,02:07:23,-242,-130
Running,22/08/2024 06:06,FALSE,Tangerang - Easy Run,7.01,347,00:46:19,160,175,3.2,175,192,06:37,05:21,12,9,0.87,0,"8,196",29,No,00:03.2,8,30,00:45:39,00:49:02,-191,-184
Running,21/08/2024 04:59,FALSE,Tangerang - Quality Session,9.09,438,00:56:43,166,186,3.7,171,215,06:14,04:38,20,16,0.94,0,"9,798",28,No,00:21.6,13,30,00:56:02,00:59:59,-200,-186
Running,17/08/2024 05:41,FALSE,Tangerang - Quality Session,18.01,840,01:49:14,169,199,4.4,178,204,06:04,04:43,24,33,0.93,0,"19,372",29,No,00:02.5,19,31,01:48:04,01:58:46,-141,-121
Running,14/08/2024 05:04,FALSE,Tangerang - Quality Session,9.31,385,00:58:32,156,187,3.3,161,214,06:17,04:27,18,12,0.98,0,"9,828",27,No,00:09.1,17,31,00:56:18,01:12:03,-122,-110
Running,13/08/2024 05:05,FALSE,Tangerang - Easy Run,10.01,470,01:08:00,156,185,3.4,173,190,06:48,05:16,16,25,0.85,0,"11,898",26,No,00:02.1,11,31,01:07:48,01:11:27,-102,-87
Running,11/08/2024 05:43,FALSE,Singapore - Quality Session,16.3,694,01:37:54,164,188,3.9,177,206,06:00,04:29,34,35,0.94,0,"17,468",29,No,01:37.3,17,32,01:37:35,01:58:16,-87,-77
Running,07/08/2024 05:18,FALSE,Tangerang - Quality Session,13.56,588,01:22:24,165,190,3.9,170,197,06:05,04:33,18,22,0.96,0,"14,388",28,No,00:08.1,18,30,01:20:42,01:26:32,-41,-27
Running,06/08/2024 05:15,FALSE,Tangerang - Quality Session,9.3,418,01:03:56,152,183,3.1,165,212,06:53,03:38,4,10,0.93,0,"10,946",27,No,00:02.2,21,30,01:03:07,01:04:45,-4,6
Running,04/08/2024 05:26,FALSE,Tangerang - Easy Run,10.01,444,01:10:37,149,171,2.8,169,190,07:03,05:25,16,19,0.84,0,"12,132",27,No,00:04.2,11,30,01:09:26,01:14:04,16,53
Running,03/08/2024 05:50,FALSE,Tangerang - Quality Session,20.01,879,02:04:38,164,190,3.6,169,197,06:14,04:51,25,36,0.95,0,"21,392",28,No,00:21.2,21,33,02:00:47,02:09:17,36,53
Running,02/08/2024 05:50,FALSE,Tangerang - Quality Session,13.1,553,01:20:01,160,194,3.4,170,200,06:07,04:37,14,14,0.96,0,"13,842",27,No,00:02.3,19,31,01:18:15,01:31:22,37,52
Running,31/07/2024 04:58,FALSE,Tangerang - Quality Session,12.04,422,01:15:27,146,197,2.9,163,215,06:16,04:16,20,20,0.97,0,"12,696",27,No,00:17.4,19,31,01:13:54,01:31:33,35,50
Running,30/07/2024 04:57,FALSE,Tangerang - Quality Session,7.16,310,00:57:06,141,171,2.1,151,214,07:58,03:33,2,7,0.89,0,"9,260",27,No,00:02.1,19,32,00:55:28,00:58:58,37,49
Running,28/07/2024 07:05,FALSE,Tangerang - Quality Session,9.31,416,01:00:12,160,196,3.2,171,219,06:28,03:16,7,9,0.91,0,"10,482",29,No,00:02.6,21,32,00:59:13,01:00:45,-426,-415
Running,27/07/2024 05:49,FALSE,Tangerang - Quality Session,19.78,905,01:57:16,173,204,5,180,197,05:56,05:02,16,25,0.94,0,"21,136",29,No,04:40.5,20,31,01:56:09,01:59:09,-432,-414
Running,26/07/2024 06:11,FALSE,Tangerang - Quality Session,12.63,519,01:16:39,160,186,3.3,174,194,06:04,04:35,13,15,0.94,0,"13,500",28,No,00:03.7,16,31,01:16:06,01:23:07,-419,-407
Running,24/07/2024 04:52,FALSE,Tangerang - Quality Session,12.31,480,01:16:24,155,182,3.1,172,200,06:13,04:16,13,14,0.94,0,"13,426",27,No,00:06.4,22,30,01:15:34,01:18:07,-370,-359
Running,23/07/2024 05:08,FALSE,Tangerang - Quality Session,7.34,321,00:50:33,153,179,2.8,169,219,06:53,03:35,7,10,0.88,0,"8,586",28,No,00:01.7,19,31,00:50:27,00:50:49,-359,-351
Running,21/07/2024 05:27,FALSE,Tangerang - Quality Session,18.2,762,01:49:22,165,187,3.8,179,201,06:00,04:27,5,16,0.93,0,"19,536",28,No,00:02.2,20,31,01:48:25,01:59:27,-347,-335
Running,20/07/2024 07:09,FALSE,Tangerang - Quality Session,9.21,439,01:04:34,159,179,3.4,161,215,07:01,03:32,6,9,1.07,0,"10,952",28,No,00:00:20,20,32,01:02:54,01:05:41,-329,-321
Running,19/07/2024 06:00,FALSE,Tangerang - Quality Session,11.42,478,01:12:03,160,192,3.4,165,198,06:19,04:13,14,11,0.97,0,"12,376",28,No,01:09.4,17,31,01:10:00,01:17:20,-318,-312
Running,17/07/2024 05:11,FALSE,Tangerang - Quality Session,9.99,371,01:03:39,150,173,2.6,163,209,06:22,04:01,14,23,0.97,0,"10,976",27,No,00:02.5,17,29,01:01:53,01:05:51,-307,-295
Running,16/07/2024 05:07,FALSE,Tangerang - Quality Session,7.27,311,00:51:46,149,167,2.4,161,214,07:08,03:39,7,12,1.06,0,"8,598",26,No,00:00:20,18,29,00:50:40,00:53:16,-291,-282
Running,14/07/2024 06:17,FALSE,Tangerang - Easy Run,14.19,657,01:30:07,165,181,3.9,176,192,06:21,05:10,9,16,0.9,0,"15,796",27,No,00:06.9,16,30,01:28:50,01:30:07,-273,-263
Running,13/07/2024 05:49,FALSE,Tangerang - Quality Session,17.55,739,01:52:51,160,178,3.1,175,192,06:26,05:05,9,18,0.89,0,"19,924",26,No,01:49.9,19,29,01:51:46,01:59:19,-272,-257
Running,12/07/2024 06:19,FALSE,Tangerang - Quality Session,10.73,462,01:08:34,161,184,3.4,162,200,06:23,04:29,5,11,0.95,0,"11,530",28,No,00:02:00,16,30,01:05:37,01:13:45,-270,-264
Running,11/07/2024 06:32,FALSE,Tangerang - Quality Session,11.06,455,01:08:50,158,182,3.3,169,206,06:14,04:27,7,9,0.95,0,"12,000",27,No,00:03.5,17,31,01:08:01,01:11:16,-270,-264
Running,10/07/2024 05:32,FALSE,Tangerang - Quality Session,7.37,326,00:48:22,159,179,3.3,172,210,06:34,03:36,3,6,0.9,0,"8,384",29,No,00:11.0,19,31,00:47:46,00:48:29,-252,-245
Running,07/07/2024 06:53,FALSE,Tangerang - Easy Run,8.01,369,00:54:21,160,178,3.3,171,192,06:47,05:49,4,9,0.86,0,"9,334",26,No,00:05.0,9,29,00:53:32,00:57:01,-214,-199
Running,06/07/2024 06:33,FALSE,Tangerang - Easy Run,15.01,675,01:39:34,167,206,3.6,173,196,06:38,05:24,16,18,0.87,0,"17,360",26,No,00:06.2,16,31,01:38:29,01:42:46,-172,-165
Running,05/07/2024 07:38,FALSE,Tangerang - Quality Session,9,435,01:00:41,169,191,4,165,215,06:45,03:26,8,4,0.95,0,"10,272",30,No,00:05.6,20,33,00:59:59,01:01:20,-165,-159
Running,04/07/2024 07:09,FALSE,Tangerang Running,8.01,380,00:53:35,165,180,3.6,176,190,06:41,05:47,4,10,0.85,0,"9,440",28,No,00:03.3,9,30,00:53:10,00:53:35,-161,-152
Running,29/06/2024 05:26,FALSE,Tangerang - Quality Session,13.4,656,01:26:39,174,194,4.8,176,192,06:28,04:55,14,25,0.88,0,"15,282",29,No,00:00.8,15,30,01:26:05,01:27:14,-90,-75
Running,28/06/2024 06:41,FALSE,Tangerang - Easy Run,7.48,401,00:55:02,168,189,3.6,166,186,07:22,05:51,5,10,0.82,0,"9,308",30,No,03:04.6,8,31,00:54:28,00:55:02,-76,-68
Running,26/06/2024 05:10,FALSE,Tangerang - Quality Session,8.59,380,00:58:58,154,174,2.9,170,195,06:52,03:43,11,10,1.05,0,"10,202",27,No,00:00.7,15,30,00:58:25,01:01:28,-65,-58
Running,23/06/2024 05:15,FALSE,BFI Half Marathon,21.48,821,02:04:08,166,187,3.5,175,239,05:47,04:58,59,68,0.98,0,"21,944",27,No,01:16.4,22,30,02:03:24,02:04:08,-29,7
Running,22/06/2024 06:13,FALSE,Tangerang - Quality Session,6.25,283,00:42:14,158,174,3,171,215,06:45,03:37,3,9,0.89,0,"7,362",29,No,00:04.3,17,30,00:41:38,00:42:14,-31,-24
Running,21/06/2024 05:37,FALSE,Tangerang - Easy Run,5.1,236,00:35:43,151,167,2.6,174,190,07:00,05:54,5,8,0.82,0,"6,274",28,No,00:40.2,6,31,00:35:19,00:35:43,-6,-1
Running,20/06/2024 06:15,FALSE,Tangerang Running,8.01,365,00:54:19,154,166,3,176,194,06:47,05:54,4,12,0.84,0,"9,640",28,No,00:03.0,9,30,00:53:49,00:54:19,-1,7
Running,18/06/2024 06:04,FALSE,Tangerang - Quality Session,13.03,581,01:24:58,162,188,3.5,163,198,06:31,04:25,12,16,0.94,0,"14,286",29,No,00:03.0,19,31,01:22:08,01:27:49,45,53
Running,16/06/2024 05:42,FALSE,Tangerang - Easy Run,20.01,866,02:15:06,159,174,3.1,172,188,06:45,05:12,54,56,0.86,0,"23,426",28,No,00:03.4,21,31,02:14:26,02:33:51,29,52
Running,15/06/2024 06:12,FALSE,Tangerang - Quality Session,12.26,552,01:17:11,164,184,3.8,170,190,06:18,04:34,12,17,0.93,0,"13,278",29,No,00:02.7,15,33,01:15:18,01:18:02,41,52
Running,14/06/2024 06:25,FALSE,Tangerang - Easy Run,8.01,373,00:54:42,158,175,3.3,174,188,06:50,05:40,8,11,0.84,0,"9,556",29,No,00:02.8,9,31,00:54:20,00:55:34,6,12
Running,12/06/2024 06:01,FALSE,Tangerang - Quality Session,12.01,472,01:17:18,154,174,2.8,167,198,06:26,04:37,15,24,0.92,0,"13,060",28,No,00:06.1,18,31,01:15:42,01:19:00,42,52
Running,11/06/2024 05:10,FALSE,Tangerang Running,7.12,338,00:51:30,155,178,3,168,188,07:14,05:55,9,11,0.82,0,"8,720",29,No,00:47.7,8,30,00:49:58,00:51:52,-231,-226
Running,09/06/2024 05:32,FALSE,Tangerang - Quality Session,15.02,668,01:34:15,167,198,4.3,174,201,06:17,04:45,12,18,0.92,0,"16,472",29,No,00:06.9,16,32,01:33:09,01:36:55,-204,-195
Running,08/06/2024 06:15,FALSE,Tangerang - Quality Session,9.92,445,01:00:09,169,188,4,181,200,06:04,04:48,8,14,0.91,0,"10,846",28,No,00:02.1,12,32,00:59:57,01:00:09,-196,-186
Running,07/06/2024 06:02,FALSE,Tangerang - Easy Run,8.34,402,00:58:21,161,179,3.4,173,190,07:00,04:57,15,15,0.83,0,"10,180",29,No,02:07.3,9,31,00:57:37,00:59:34,-186,-180
Running,05/06/2024 04:51,FALSE,Tangerang - Quality Session,9.62,434,01:04:10,165,188,3.5,155,239,06:40,03:57,11,13,0.97,0,"10,536",29,No,00:29.4,25,31,01:03:05,01:06:03,-161,-151
Running,04/06/2024 04:44,FALSE,Tangerang - Easy Run,8.02,368,00:55:59,157,172,3.2,173,190,06:59,05:45,13,16,0.83,0,"9,772",28,No,00:05.2,9,31,00:55:30,00:55:59,-114,-107
Running,02/06/2024 06:27,FALSE,Tangerang - Quality Session,9.03,415,01:00:42,163,184,3.6,175,194,06:43,05:15,9,17,0.85,0,"10,626",29,No,00:03.1,11,32,01:00:36,01:00:44,-75,-61
Running,01/06/2024 05:31,FALSE,Tangerang - Quality Session,15.01,657,01:43:31,164,187,3.7,164,231,06:54,04:26,25,32,0.88,0,"17,420",29,No,00:07.7,16,32,01:41:08,01:51:04,-65,-54
Running,31/05/2024 06:02,FALSE,Tangerang - Easy Run,8.01,378,00:58:44,158,178,3.3,166,188,07:20,05:38,7,7,0.82,0,"9,962",29,No,00:03.1,9,31,00:58:09,00:58:44,-44,-41
Running,30/05/2024 05:56,FALSE,Tangerang - Quality Session,7.64,322,00:52:30,157,182,3.1,141,223,06:52,03:46,6,8,1.04,0,"8,222",29,No,01:20.1,19,31,00:51:23,00:58:42,-42,-38
Running,29/05/2024 04:58,FALSE,Tangerang Running,8.42,398,00:58:30,165,181,3.6,173,190,06:57,05:39,4,10,0.83,0,"10,156",30,No,02:36.9,9,31,00:58:23,00:59:03,-22,-14
Running,26/05/2024 05:48,FALSE,Tangerang - Quality Session,15.01,666,01:41:21,167,192,3.6,165,205,06:45,03:48,7,12,0.89,0,"17,242",29,No,01:24.3,16,31,01:40:05,01:46:10,32,39
Running,25/05/2024 16:23,FALSE,Tangerang - Easy Run,8.01,389,00:53:48,175,188,4.2,172,234,06:43,05:26,4,11,0.87,0,"9,318",32,No,00:07.0,9,33,00:53:32,00:53:48,38,47
Running,24/05/2024 05:42,FALSE,Tangerang - Quality Session,9.84,472,01:11:32,168,199,4,129,223,07:16,03:23,7,16,1.27,0,"10,214",29,No,00:04.2,36,31,01:08:02,01:15:10,37,48
Running,23/05/2024 06:55,FALSE,Tangerang - Easy Run,8.01,373,00:53:12,168,186,4.3,172,231,06:38,05:25,3,12,0.88,0,"9,272",30,No,01:22.7,9,32,00:52:36,00:53:31,44,51
Running,22/05/2024 04:58,FALSE,Tangerang - Quality Session,9.17,419,01:04:47,162,181,3.6,167,215,07:04,03:32,3,11,0.87,0,"11,064",30,No,00:06.2,16,31,01:04:31,01:05:36,-22,-15
Treadmill Running,18/05/2024 07:59,FALSE,Easy Run,7.84,377,00:54:59,166,194,4.3,161,196,07:01,05:12,--,--,0.77,0,"9,224",26,No,06:21.7,7,27,00:48:21,00:55:30,--,--
Running,16/05/2024 05:49,FALSE,Tangerang - Quality Session,7.82,361,00:59:15,157,182,3.5,136,237,07:35,03:53,6,12,0.99,0,"8,762",29,No,00:02.1,23,32,00:56:28,01:03:27,39,46
Running,14/05/2024 04:54,FALSE,Tangerang - Quality Session,8.66,395,01:02:14,161,189,3.6,167,188,07:11,03:50,7,13,0.91,0,"10,552",29,No,00:04.5,16,31,01:02:00,01:02:20,49,56
Running,12/05/2024 06:10,FALSE,Tangerang - Easy Run,12,562,01:25:44,164,188,4,171,192,07:09,05:32,8,14,0.82,0,"14,732",29,No,00:02.8,13,33,01:24:18,01:26:30,42,52
Running,11/05/2024 06:58,FALSE,Tangerang - Easy Run,7.88,370,00:53:37,168,187,3.9,174,193,06:48,05:35,6,9,0.85,0,"9,392",30,No,05:33.3,8,33,00:52:58,00:54:28,19,24
Running,10/05/2024 06:17,FALSE,Tangerang - Quality Session,9.85,469,01:09:24,172,200,4.1,149,217,07:03,03:43,7,13,1.67,0,"11,420",30,No,00:24.2,26,34,01:08:44,01:09:24,45,52
Running,09/05/2024 06:55,FALSE,Tangerang Running,8,399,01:00:03,171,188,3.7,168,188,07:30,06:00,7,9,0.79,0,"10,248",31,No,00:04.5,9,32,00:59:45,01:01:31,-116,-109
Running,05/05/2024 06:44,FALSE,Tangerang Running,6.08,279,00:45:26,155,173,3.1,171,188,07:29,05:44,2,7,0.78,0,"7,804",29,No,00:31.9,7,31,00:44:57,00:47:37,-81,-73
Running,21/04/2024 05:39,FALSE,Jakarta - Quality Session,14.42,659,01:36:48,169,190,4.3,170,215,06:43,01:08,20,30,0.9,0,"16,536",30,No,00:05.8,26,33,01:35:07,01:47:10,-10,7
Running,20/04/2024 06:40,FALSE,Tangerang - Easy Run,6,284,00:46:21,153,184,3.2,165,188,07:43,06:00,2,7,0.78,0,"7,824",29,No,00:03.7,7,31,00:45:37,00:46:38,49,53
Running,19/04/2024 05:28,FALSE,Tangerang - Easy Run,9.39,452,01:06:09,168,190,4.1,169,186,07:03,05:39,8,9,0.84,0,"11,288",29,No,02:48.5,10,31,01:04:59,01:11:31,11,16
Running,18/04/2024 05:25,FALSE,Tangerang - Quality Session,9.22,419,01:07:19,159,188,3.5,151,215,07:18,03:45,5,18,1.78,0,"10,642",29,No,00:02.7,23,31,01:06:31,01:07:19,40,52
Running,14/04/2024 06:18,FALSE,Jakarta - Easy Run,14.01,614,01:42:11,155,185,3.5,174,195,07:18,04:38,15,22,0.79,0,"17,878",30,No,00:03.6,15,34,01:41:13,01:57:17,11,18
Running,13/04/2024 06:28,FALSE,Tangerang - Easy Run,8.01,363,01:03:32,152,167,2.8,163,184,07:56,06:10,5,9,0.77,0,"10,534",29,No,00:02.4,9,33,01:02:37,01:04:01,47,52
Running,12/04/2024 07:09,FALSE,Tangerang - Easy Run,10.01,456,01:16:58,153,183,3.4,162,186,07:41,05:14,12,11,0.8,0,"12,808",29,No,00:04.5,11,35,01:16:02,01:23:01,20,29
Running,10/04/2024 06:33,FALSE,Tangerang - Quality Session,8.78,386,01:03:39,160,190,3.3,165,212,07:15,03:51,3,11,0.91,0,"10,790",29,No,00:04.3,19,33,01:03:21,01:03:43,44,52
Running,09/04/2024 06:32,FALSE,Tangerang - Easy Run,8.01,360,01:02:27,156,180,3.1,171,188,07:48,05:18,2,10,0.75,0,"10,746",28,No,00:04.2,9,33,01:01:34,01:04:24,-13,-5
Running,07/04/2024 06:13,FALSE,Tangerang - Easy Run,12.04,529,01:36:06,153,167,2.8,172,188,07:59,06:19,7,15,0.73,0,"16,618",29,No,00:18.8,13,33,01:35:17,01:39:42,1,12
Running,06/04/2024 07:20,FALSE,Tangerang - Easy Run,8,386,01:00:30,164,181,3.6,171,194,07:34,05:19,11,7,0.78,0,"10,416",30,No,00:01.5,9,33,00:59:40,01:01:14,15,23
Running,05/04/2024 06:48,FALSE,Tangerang - Easy Run,10,481,01:14:32,168,189,3.5,174,188,07:27,06:06,6,17,0.77,0,"13,030",29,No,00:02.1,11,34,01:14:10,01:14:44,27,39
Running,04/04/2024 05:28,FALSE,Tangerang - Easy Run,8.01,359,01:02:33,154,164,2.7,176,188,07:49,06:35,4,8,0.73,0,"10,984",29,No,00:03.2,9,30,01:02:28,01:05:09,46,52
Running,03/04/2024 05:17,FALSE,Tangerang Running,6,269,00:47:42,154,169,2.5,172,184,07:57,06:51,4,18,0.73,0,"8,206",28,No,00:01.9,7,30,00:47:36,00:52:02,15,24
Running,31/03/2024 06:32,FALSE,Tangerang - Easy Run,5.99,279,00:45:04,155,170,3,176,188,07:32,06:26,3,7,0.75,0,"7,944",29,No,07:16.6,6,32,00:44:39,00:45:08,26,31
Running,30/03/2024 06:40,FALSE,Tangerang - Easy Run,8,377,01:00:09,159,171,3,178,192,07:31,06:23,10,7,0.75,0,"10,664",28,No,00:41.2,9,33,01:00:06,01:01:21,21,30
Running,29/03/2024 07:07,FALSE,Tangerang Running,3.55,162,00:30:04,150,164,2,171,190,08:28,07:23,--,9,0.69,0,"5,222",29,No,04:59.6,4,31,00:29:52,00:30:04,145,154
Running,26/03/2024 19:59,FALSE,Tangerang Running,3.36,154,00:30:03,145,162,1.5,164,180,08:57,06:28,1,9,0.68,0,"4,970",30,No,03:32.6,4,31,00:30:01,00:30:03,141,150
Running,23/03/2024 06:27,FALSE,Tangerang Running,10,471,01:05:45,166,188,4,175,195,06:34,05:20,8,11,0.87,0,"11,668",28,No,00:01.2,11,33,01:05:17,01:14:39,168,174
Running,17/03/2024 08:09,FALSE,Quality Session,42.49,"1,522",04:28:39,167,192,4.5,178,196,06:19,04:35,104,122,0.88,0,"47,832",17,No,00:01:00,48,24,04:25:43,04:29:00,57,91
Running,16/03/2024 08:24,FALSE,Running,4.3,162,00:29:36,140,169,2,178,200,06:53,04:50,8,5,0.82,0,"5,238",16,No,02:21.4,5,22,00:28:58,00:42:15,36,53
Running,14/03/2024 05:50,FALSE,Tangerang - Quality Session,4.84,214,00:31:31,160,180,3.1,177,196,06:31,05:15,2,6,0.86,0,"5,592",29,No,00:01.7,8,31,00:31:10,00:33:55,62,70
Running,12/03/2024 06:29,FALSE,Tangerang Running,7.32,331,00:53:22,151,171,3,178,188,07:18,06:21,3,11,0.77,0,"9,472",29,No,02:09.8,8,32,00:53:14,00:59:16,1,14
Running,10/03/2024 06:23,FALSE,Tangerang Running,6.33,288,00:46:31,153,167,2.8,173,186,07:21,06:19,2,13,0.79,0,"8,074",28,No,02:19.3,7,30,00:46:23,00:47:31,-6,6
Running,09/03/2024 05:35,FALSE,Tangerang Running,21.01,933,02:16:29,168,184,4,179,192,06:30,05:23,28,50,0.86,0,"24,404",29,No,00:03.8,22,31,02:16:12,02:22:44,7,34
Running,08/03/2024 05:54,FALSE,Tangerang Running,8.41,397,00:59:42,161,178,3.1,173,188,07:06,05:57,5,13,0.82,0,"10,368",28,No,03:06.3,9,31,00:59:16,01:06:32,43,51
Running,07/03/2024 06:32,FALSE,Tangerang Running,5.38,257,00:37:20,163,180,3.1,176,192,06:56,06:03,4,8,0.82,0,"6,582",29,No,02:38.8,6,31,00:37:17,00:41:48,42,52
Running,06/03/2024 04:48,FALSE,Tangerang Running,7.16,313,00:45:02,163,189,3.5,176,200,06:17,04:44,3,8,0.9,0,"7,964",30,No,01:00.1,8,31,00:44:48,00:47:40,46,52
Running,03/03/2024 05:31,FALSE,Tangerang Running,23,"1,026",02:34:27,168,188,3.7,175,190,06:43,05:13,20,39,0.85,0,"27,150",28,No,06:19.2,23,33,02:34:13,02:46:23,37,53
Running,02/03/2024 06:43,FALSE,Tangerang Running,10.01,478,01:07:03,170,189,4,176,200,06:42,04:52,6,16,0.85,0,"11,894",30,No,00:02.3,11,33,01:06:57,01:08:58,44,52
Running,01/03/2024 06:06,FALSE,Tangerang Running,8,375,00:54:50,164,182,3.5,177,190,06:51,05:48,7,14,0.82,0,"9,752",28,No,06:33.5,8,30,00:54:35,01:00:36,-31,-17
Running,25/02/2024 06:12,FALSE,Tangerang Running,8.11,381,01:00:13,159,178,3,169,198,07:25,05:14,12,21,0.8,0,"10,228",30,No,00:40.8,9,32,00:59:19,01:09:20,1,15
Running,24/02/2024 05:11,FALSE,Tangerang Running,24.01,"1,127",02:30:57,179,193,5,179,200,06:17,05:07,17,24,0.89,0,"27,024",31,No,00:02.6,25,32,02:30:40,02:48:06,18,29
Running,23/02/2024 06:15,FALSE,Tangerang Running,6,293,00:41:03,171,194,3.7,175,192,06:50,05:39,3,6,0.84,0,"7,250",29,No,00:01.4,7,32,00:39:51,00:43:38,-33,-27
Running,21/02/2024 05:02,FALSE,Tangerang Running,7.51,309,00:49:07,156,187,3.2,174,196,06:32,05:14,6,13,0.88,0,"8,608",29,No,02:53.6,8,31,00:48:53,01:04:27,-9,2
Running,18/02/2024 06:07,FALSE,Tangerang Running,19.19,854,02:06:02,173,198,4.8,177,194,06:34,05:09,8,26,0.86,0,"22,326",30,No,02:37.1,20,33,02:05:25,02:10:34,11,28
Running,17/02/2024 07:03,FALSE,Tangerang Running,6.82,329,00:44:20,177,193,4.2,179,194,06:30,05:38,13,7,0.86,0,"7,906",29,No,05:11.3,7,32,00:44:01,00:44:37,-26,-14
Running,16/02/2024 06:03,FALSE,Tangerang Running,6.43,304,00:45:39,164,177,3.4,172,184,07:06,05:49,2,10,0.82,0,"7,960",29,No,02:54.6,7,32,00:45:25,00:45:59,-12,-3
Running,10/02/2024 06:37,FALSE,Tangerang Running,8.88,415,00:59:37,168,184,4,179,190,06:43,05:13,5,15,0.83,0,"10,678",29,No,05:40.7,9,31,00:59:17,01:00:23,11,24
Running,09/02/2024 07:02,FALSE,Tangerang Running,10,464,01:05:38,175,192,4.2,177,195,06:34,05:09,3,7,0.86,0,"11,712",29,No,00:01.2,11,35,01:05:23,01:10:51,33,41
Running,08/02/2024 06:36,FALSE,Tangerang Running,6.1,281,00:43:09,162,180,3.5,177,188,07:04,05:40,2,11,0.8,0,"7,678",29,No,00:37.7,7,30,00:43:02,00:43:52,43,51
Running,07/02/2024 05:54,FALSE,Tangerang Running,8.01,341,00:54:30,157,184,3.5,175,188,06:48,05:40,--,9,0.84,0,"9,542",28,No,00:03.4,9,29,00:53:48,00:56:29,45,52
Running,04/02/2024 06:49,FALSE,Tangerang Running,5.52,257,00:37:55,170,195,3.7,174,184,06:52,05:57,2,10,0.84,0,"6,580",30,No,03:22.9,6,31,00:37:43,00:42:29,37,47
Running,03/02/2024 05:59,FALSE,Tangerang Running,13.02,605,01:28:21,174,190,5,176,190,06:47,05:35,8,20,0.84,0,"15,592",29,No,00:05.0,14,32,01:28:01,01:33:14,26,44
Running,02/02/2024 06:46,FALSE,Tangerang Running,0.45,21,02:58.5,184,191,1.5,178,188,06:37,06:24,--,1,0.85,0,522,31,No,02:58.5,1,31,00:02:58,02:58.5,42,43
Running,02/02/2024 05:58,FALSE,Tangerang Running,5.8,270,00:40:30,167,189,3.9,173,193,06:59,05:55,3,8,0.83,0,"7,050",28,No,05:59.4,6,30,00:39:02,00:40:42,-96,-86
Running,28/01/2024 06:51,FALSE,Tangerang Running,8.3,401,00:57:47,179,186,4.7,174,192,06:58,05:09,2,11,0.82,0,"10,086",30,No,02:00.2,9,32,00:57:37,01:01:29,-33,-27
Running,27/01/2024 07:16,FALSE,Tangerang Running,4.19,193,00:27:03,173,198,3.9,176,198,06:27,04:55,2,9,0.88,0,"4,762",29,No,01:04.0,5,30,00:26:55,00:29:06,-25,-16
Running,18/01/2024 05:54,FALSE,Tangerang Running,6.57,311,00:46:41,168,183,4,170,188,07:06,05:45,1,14,0.83,0,"8,016",29,No,04:06.1,7,31,00:46:04,00:47:25,35,49
Running,14/01/2024 06:20,FALSE,Tangerang Running,5.45,254,00:38:32,165,189,3.8,168,192,07:05,04:54,1,4,0.84,0,"6,548",30,No,02:58.7,6,32,00:38:02,00:41:20,47,52
Running,13/01/2024 06:15,FALSE,Tangerang Running,10.01,483,01:12:04,173,195,5,162,190,07:12,05:12,5,13,0.87,0,"11,978",28,No,00:02.6,11,32,01:10:56,01:17:57,-302,-291
Running,07/01/2024 06:48,FALSE,Tangerang Running,8,404,00:56:01,177,199,5,170,188,07:00,05:57,3,12,0.84,0,"9,606",29,No,00:01.8,9,34,00:55:31,00:57:37,-249,-239
Running,15/12/2023 06:19,FALSE,Tangerang Running,8.01,263,00:53:14,143,174,2.3,175,186,06:39,06:06,5,16,0.86,0,"9,332",29,No,00:02.3,9,31,00:52:56,00:53:14,-199,-186
Running,13/12/2023 05:02,FALSE,Tangerang Running,7.33,352,00:50:47,170,184,4.2,172,197,06:55,04:49,4,13,0.84,0,"8,802",28,No,02:19.9,8,29,00:50:16,00:52:48,-163,-152
Running,02/12/2023 06:05,FALSE,Tangerang Running,15,625,01:40:02,166,191,4,174,190,06:40,05:39,15,22,0.86,0,"17,522",29,No,00:01.8,16,33,01:38:06,01:42:01,-119,-106
Running,29/11/2023 06:04,FALSE,Tangerang Running,9.8,436,01:06:05,167,204,4.1,173,188,06:45,05:45,2,17,0.86,0,"11,516",30,No,05:20.0,10,32,01:05:52,01:07:02,-102,-89
Running,28/11/2023 05:02,FALSE,Tangerang Running,7.5,376,00:52:33,172,186,4.3,170,188,07:01,05:57,3,9,0.84,0,"9,038",30,No,03:27.8,8,31,00:52:10,00:55:33,-80,-71
Running,22/11/2023 05:17,FALSE,Tangerang Running,7.01,345,00:49:21,169,192,3.6,172,192,07:03,05:14,4,10,0.82,0,"8,620",30,No,00:02.3,8,31,00:48:59,00:55:30,-25,-19
Running,21/11/2023 05:02,FALSE,Tangerang Running,6.97,330,00:47:43,163,185,3.5,175,188,06:51,05:50,5,10,0.84,0,"8,328",30,No,06:31.8,7,32,00:47:33,00:48:35,-5,9
Running,15/11/2023 04:54,FALSE,Tangerang Running,9.79,462,01:05:33,168,190,3.9,173,184,06:42,06:00,8,15,0.86,0,"11,290",29,No,05:28.1,10,30,01:05:18,01:05:49,1,7
Running,12/11/2023 05:55,FALSE,Tangerang Running,11.41,533,01:15:51,167,194,4,176,201,06:39,05:29,3,17,0.85,0,"13,374",29,No,02:30.9,12,32,01:15:20,01:17:02,39,52
Running,11/11/2023 06:46,FALSE,Tangerang Running,3.03,141,00:22:25,148,176,2.5,167,190,07:24,05:36,1,6,0.8,0,"3,748",30,No,00:12.4,4,31,00:21:06,00:27:06,46,51
Running,10/11/2023 05:52,FALSE,Tangerang Running,9.81,463,01:09:21,159,178,3.3,174,190,07:04,04:59,3,11,0.81,0,"12,112",29,No,05:46.7,10,31,01:08:44,01:12:10,-23,-13
Running,02/11/2023 05:29,FALSE,Tangerang Running,10.02,428,01:02:08,164,193,3.7,177,192,06:12,04:46,3,12,0.91,0,"11,040",29,No,00:05.3,11,32,01:01:49,01:07:06,2,9
Running,31/10/2023 04:46,FALSE,Tangerang Running,10.01,476,01:11:10,160,171,3.3,173,188,07:07,06:06,3,10,0.81,0,"12,358",29,No,00:03.1,11,31,01:10:29,01:11:21,40,50
Running,29/10/2023 05:32,FALSE,Tangerang - Quality Session,15.01,665,01:34:24,167,191,3.9,176,203,06:17,04:24,3,15,0.9,0,"16,716",27,No,00:03.2,16,31,01:33:14,01:35:20,39,51
Running,28/10/2023 05:33,FALSE,Tangerang - Easy Run,4.9,228,00:32:40,160,175,3.2,174,188,06:40,05:40,1,9,0.86,0,"5,730",28,No,05:57.0,5,30,00:32:32,00:33:37,15,19
Running,27/10/2023 05:49,FALSE,Tangerang - Easy Run,10.32,489,01:09:48,163,181,3.8,177,192,06:46,05:41,3,15,0.84,0,"12,306",28,No,02:00.9,11,31,01:09:10,01:11:33,20,31
Running,25/10/2023 04:47,FALSE,Tangerang - Quality Session,9.01,401,00:57:05,165,183,3.7,172,198,06:20,03:40,5,12,0.91,0,"9,840",29,No,00:02.6,15,31,00:56:44,00:59:53,34,42
Running,22/10/2023 05:30,FALSE,Jakarta - Quality Session,14.52,643,01:25:34,177,193,5,178,210,05:53,03:56,26,31,0.95,0,"15,200",31,No,01:20.8,16,34,01:25:19,01:32:53,30,47
Running,21/10/2023 05:57,FALSE,Tangerang Running,5.01,167,00:33:15,132,147,1.7,174,190,06:38,05:10,1,8,0.87,0,"5,800",30,No,00:02.6,6,31,00:33:00,00:33:42,45,52
Running,20/10/2023 05:27,FALSE,Tangerang - Easy Run,12.01,576,01:20:37,167,186,4.3,171,207,06:43,04:19,2,14,0.87,0,"13,920",29,No,00:04.3,13,32,01:19:48,01:22:51,3,17
Running,18/10/2023 05:34,FALSE,Tangerang - Quality Session,8.69,374,00:58:31,157,173,3.2,159,206,06:44,04:09,--,11,0.94,0,"9,712",28,No,00:02:00,17,31,00:56:18,00:59:11,11,19
Running,17/10/2023 04:48,FALSE,Tangerang Running,10.01,456,01:06:12,164,179,3.9,173,190,06:37,05:49,9,15,0.87,0,"11,540",29,No,00:03.3,11,31,01:05:47,01:07:29,21,30
Running,15/10/2023 06:26,FALSE,Tangerang Running,7.01,340,00:45:34,170,184,4,173,186,06:30,05:44,1,8,0.89,0,"7,918",29,No,00:02.5,8,32,00:45:18,00:45:53,45,52
Running,14/10/2023 05:30,FALSE,Tangerang Running,15.02,710,01:36:27,171,189,4.8,175,204,06:25,04:25,5,16,0.89,0,"16,932",29,No,00:04.8,16,32,01:35:07,01:37:53,33,42
Running,13/10/2023 05:24,FALSE,Tangerang Running,10.01,495,01:07:50,168,192,4.4,172,184,06:47,05:41,1,12,0.86,0,"11,734",29,No,00:04.6,11,31,01:07:18,01:07:50,36,46
Running,11/10/2023 05:19,FALSE,Tangerang Running,10.01,469,01:06:11,163,184,4,172,236,06:37,05:27,1,10,0.88,0,"11,474",29,No,00:02.4,11,31,01:05:21,01:07:15,50,60
Running,07/10/2023 06:11,FALSE,Tangerang Running,8.3,422,00:59:55,162,185,3.4,166,194,07:13,05:09,6,16,0.83,0,"10,172",27,No,02:07.2,9,31,00:59:13,00:59:55,87,98
Running,24/09/2023 10:11,FALSE,Berlin Running,42.51,"1,452",04:18:05,159,187,3.6,177,196,06:04,04:35,68,71,0.93,0,"45,552",22,No,03:40.1,43,28,04:15:54,04:19:00,30,56
Running,20/09/2023 05:44,FALSE,Tangerang - Quality Session,7.61,333,00:45:11,162,176,3.3,176,190,05:56,05:09,4,9,0.96,0,"7,990",27,No,00:03.1,10,29,00:44:59,00:48:00,48,52
Running,19/09/2023 04:59,FALSE,Tangerang Running,6.01,289,00:39:57,158,176,3.2,177,186,06:39,05:34,2,7,0.85,0,"7,062",29,No,00:03.8,7,31,00:39:48,00:39:57,49,56
Running,17/09/2023 05:25,FALSE,Tangerang - Quality Session,17.66,818,01:44:17,173,195,5,176,194,05:54,04:59,8,19,0.96,0,"18,394",27,No,00:04.4,21,30,01:43:09,01:47:57,61,69
Running,16/09/2023 06:45,FALSE,Tangerang - Easy Run,3.02,126,00:18:08,152,169,2.4,182,190,06:00,05:14,8,11,0.92,0,"3,292",29,No,00:06.6,4,30,00:17:59,00:18:08,41,48
Running,14/09/2023 05:44,FALSE,Tangerang - Quality Session,9.48,387,00:54:16,163,181,3.4,176,214,05:44,04:28,4,13,0.99,0,"9,690",26,No,00:49.0,12,29,00:53:41,00:56:03,48,52
Running,12/09/2023 05:15,FALSE,Tangerang Running,6.01,274,00:40:24,155,186,3,177,192,06:43,05:55,5,9,0.84,0,"7,148",26,No,00:03.5,7,30,00:40:20,00:42:42,8,12
Running,10/09/2023 06:29,FALSE,Tangerang Running,8.59,401,00:59:09,157,170,3.1,178,202,06:53,05:07,10,15,0.82,0,"10,530",27,No,03:53.8,9,32,00:59:06,01:02:05,37,50
Running,09/09/2023 05:37,FALSE,Tangerang - Quality Session,24.59,"1,048",02:27:55,169,192,4.1,179,196,06:01,04:54,19,33,0.93,0,"26,432",28,No,00:01.9,29,33,02:27:25,02:30:41,22,39
Running,08/09/2023 05:39,FALSE,Tangerang Running,6.01,285,00:39:06,163,176,3.4,179,192,06:30,05:54,2,7,0.86,0,"7,030",28,No,00:02.2,7,29,00:38:45,00:39:06,41,49
Running,06/09/2023 04:51,FALSE,Tangerang - Quality Session,10.45,447,01:03:15,163,188,3.8,176,198,06:03,04:09,5,9,0.93,0,"11,268",26,No,00:01.8,14,31,01:02:27,01:07:01,66,71
Running,05/09/2023 04:43,FALSE,Tangerang Running,7,289,00:50:13,141,157,2.3,172,188,07:10,05:56,3,4,0.81,0,"8,714",26,No,00:01.7,8,31,00:50:01,00:58:06,34,43
Running,03/09/2023 07:44,FALSE,Tangerang - Easy Run,4.04,181,00:27:37,153,170,2.7,175,209,06:50,05:37,--,2,0.84,0,"4,872",31,No,00:16.7,5,31,00:27:25,00:36:00,40,42
Running,02/09/2023 05:28,FALSE,Tangerang - Quality Session,27.01,"1,121",02:45:56,173,204,4.2,177,204,06:09,04:37,13,27,0.92,0,"29,368",28,No,02:05.6,28,31,02:45:15,02:55:32,31,43
Running,31/08/2023 05:25,FALSE,Tangerang - Quality Session,10.46,440,01:04:15,164,187,3.5,175,205,06:08,04:20,5,13,0.93,0,"11,464",25,No,00:02.4,12,28,01:04:02,01:10:56,-27,-21
Running,29/08/2023 04:35,FALSE,Tangerang - Easy Run,10.5,468,01:13:14,156,174,3.2,175,190,06:58,05:46,6,15,0.82,0,"12,854",27,No,03:42.2,11,31,01:13:00,01:17:17,4,9
Running,27/08/2023 05:32,FALSE,Tangerang - Quality Session,22.02,943,02:14:34,171,189,4.4,175,205,06:07,04:27,8,22,0.93,0,"23,640",28,No,00:04.2,26,32,02:13:47,02:20:31,8,21
Running,26/08/2023 06:50,FALSE,Tangerang Running,6.02,293,00:40:37,168,191,3.6,177,192,06:45,05:38,2,10,0.84,0,"7,204",30,No,00:05.9,7,31,00:40:17,00:40:37,19,49
Running,25/08/2023 05:38,FALSE,Tangerang Running,11.01,524,01:13:37,166,180,4.2,178,194,06:41,05:24,4,10,0.84,0,"13,082",28,No,00:03.0,12,30,01:13:24,01:17:52,46,53
Running,24/08/2023 05:25,FALSE,Tangerang - Quality Session,10.01,428,01:02:40,163,182,3.6,172,200,06:16,04:09,5,11,0.93,0,"10,898",27,No,00:00:00,17,29,01:02:05,01:04:17,1,6
Running,20/08/2023 05:22,FALSE,Tangerang Running,19.2,605,02:00:33,155,177,3.6,178,190,06:17,05:26,8,19,0.9,0,"21,442",28,No,01:20.7,20,32,02:00:08,02:03:55,45,52
Running,19/08/2023 06:46,FALSE,Tangerang Running,7.01,321,00:48:04,158,169,3.3,174,188,06:52,06:01,2,9,0.84,0,"8,382",28,No,00:02.5,8,31,00:47:56,00:48:04,33,42
Running,18/08/2023 05:57,FALSE,Tangerang Running,12,566,01:22:45,165,178,3.8,175,190,06:54,05:50,7,14,0.83,0,"14,468",28,No,00:02.1,13,31,01:22:28,01:24:47,45,49
Running,17/08/2023 06:12,FALSE,Tangerang Running,10.01,465,01:01:21,176,198,5,180,194,06:08,05:16,8,13,0.91,0,"11,054",26,No,00:03.2,11,29,01:01:18,01:01:52,56,60
Running,15/08/2023 05:44,FALSE,Tangerang Running,6.09,288,00:45:38,156,171,3,176,190,07:29,06:34,1,10,0.76,0,"8,114",28,No,00:43.9,7,32,00:45:24,00:47:59,38,45
Running,13/08/2023 05:52,FALSE,Tangerang Running,15.02,685,01:42:59,163,183,4,172,184,06:52,05:40,7,18,0.85,0,"17,744",27,No,00:07.6,16,29,01:41:52,01:42:59,30,37
Running,11/08/2023 05:45,FALSE,Tangerang Running,10.01,487,01:08:27,167,186,4.4,171,188,06:50,05:37,6,16,0.85,0,"11,864",28,No,00:04.7,11,30,01:07:57,01:10:52,43,52
Running,09/08/2023 05:34,FALSE,Tangerang Running,6.37,307,00:43:23,162,185,3.8,177,186,06:49,05:40,7,13,0.83,0,"7,686",28,No,02:32.6,7,31,00:43:02,00:43:23,-79,-72
Running,30/07/2023 05:31,FALSE,Bandung Running,21.16,"1,001",02:09:58,176,196,5,165,203,06:09,04:39,78,96,0.95,0,"22,718",25,No,03:37.3,22,28,02:09:01,02:16:58,645,697
Running,23/07/2023 06:35,FALSE,Tangerang Running,7.01,323,00:45:01,165,180,3.8,176,190,06:25,05:26,2,8,0.88,0,"7,936",29,No,00:05.0,8,32,00:45:00,00:48:01,26,34
Running,21/07/2023 06:42,FALSE,Tangerang Running,9.15,439,01:05:18,159,181,3.4,172,184,07:08,05:52,4,13,0.81,0,"11,282",28,No,01:05.9,10,30,01:04:36,01:06:10,31,38
Running,19/07/2023 06:27,FALSE,Tangerang Running,10,488,01:08:49,162,180,3.6,172,190,06:53,05:38,4,14,0.85,0,"11,900",27,No,00:01.8,11,30,01:07:51,01:08:52,46,52
Running,02/07/2023 06:18,FALSE,Gold Coast Running,42.26,"1,498",04:05:59,167,193,3.8,178,194,05:49,04:40,63,82,0.97,0,"43,368",19,No,01:43.3,43,27,04:05:00,04:06:01,-2,23
Running,30/06/2023 06:48,FALSE,Gold Coast - Quality Session,8.28,362,00:50:05,164,182,3.4,183,199,06:03,04:16,10,11,0.9,0,"9,184",17,No,00:17.9,13,23,00:49:49,00:51:32,-24,-20
Running,25/06/2023 05:19,FALSE,Tangerang - Quality Session,18.23,802,01:46:00,176,193,5,178,206,05:49,04:28,25,42,0.97,0,"18,934",29,No,00:02.9,21,31,01:45:44,01:47:14,26,44
Running,24/06/2023 06:58,FALSE,Tangerang Running,6.02,285,00:41:11,158,175,3.1,180,192,06:51,05:47,3,7,0.81,0,"7,390",30,No,00:07.4,7,31,00:41:04,00:41:11,48,53
Running,21/06/2023 05:10,FALSE,Tangerang - Quality Session,8.44,343,00:53:33,152,180,3.1,170,201,06:21,03:54,2,8,0.92,0,"9,292",28,No,00:01.5,13,30,00:52:48,00:56:44,-92,-85
Running,20/06/2023 04:25,FALSE,Tangerang Running,9.01,418,01:02:44,156,169,3.1,176,190,06:58,05:58,4,15,0.82,0,"11,034",27,No,00:04.3,10,29,01:02:31,01:04:12,-77,-63
Running,18/06/2023 05:13,FALSE,Tangerang - Quality Session,20.63,876,02:06:47,166,192,4,175,197,06:09,04:50,9,20,0.92,0,"22,328",29,No,00:03.2,25,32,02:05:17,02:19:18,-56,-43
Running,17/06/2023 07:20,FALSE,Tangerang Running,7.35,325,00:51:46,152,175,2.6,175,194,07:03,01:14,1,11,0.81,0,"9,122",29,No,02:32.1,8,31,00:51:24,00:53:36,-48,-40
Running,15/06/2023 06:01,FALSE,Tangerang Running,8.01,366,00:55:17,153,163,2.9,173,192,06:54,06:02,3,11,0.84,0,"9,622",28,No,00:02.9,9,29,00:54:28,00:55:17,-40,-33
Running,11/06/2023 05:02,FALSE,Tangerang - Quality Session,26.64,"1,095",02:42:06,168,185,4,172,245,06:05,04:26,21,38,0.96,0,"28,230",29,No,00:06.4,33,34,02:38:04,03:22:03,-4,18
Running,10/06/2023 06:14,FALSE,Tangerang Running,8.1,376,00:56:34,154,165,2.9,178,196,06:59,04:39,3,13,0.8,0,"10,022",29,No,00:43.2,9,32,00:56:27,00:57:40,12,31
Running,09/06/2023 05:29,FALSE,Tangerang Running,14.17,609,01:40:41,149,170,2.8,174,191,07:06,05:29,4,17,0.81,0,"17,644",27,No,00:57.2,15,30,01:39:48,01:46:50,21,30
Running,07/06/2023 05:37,FALSE,Tangerang - Quality Session,13.73,578,01:23:06,164,190,3.6,170,200,06:03,04:20,9,18,0.96,0,"14,488",27,No,01:28.9,17,31,01:21:55,01:35:44,10,16
Running,06/06/2023 04:24,FALSE,Tangerang Running,10.01,447,01:09:47,153,167,3,170,183,06:58,06:03,10,11,0.84,0,"11,928",27,No,00:03.8,11,29,01:08:49,01:09:47,4,14
Running,04/06/2023 04:45,FALSE,Tangerang - Quality Session,26.47,"1,115",02:48:16,165,193,3.9,168,203,06:22,04:13,10,27,0.93,0,"28,784",29,No,00:03.3,32,33,02:44:11,03:12:35,46,53
Running,03/06/2023 06:28,FALSE,Tangerang Running,8.01,371,00:55:25,156,175,3.2,175,188,06:55,05:42,2,9,0.82,0,"9,730",30,No,00:04.1,9,32,00:55:15,00:56:41,44,51
Running,02/06/2023 06:33,FALSE,Tangerang - Easy Run,12.01,550,01:22:04,157,174,3.4,175,196,06:50,06:00,5,14,0.83,0,"14,458",29,No,00:03.5,13,33,01:21:25,01:28:38,53,60
Running,31/05/2023 04:54,FALSE,Tangerang - Quality Session,10.86,463,01:08:38,161,195,3.5,168,200,06:19,04:00,2,12,0.93,0,"11,724",28,No,00:58.3,14,30,01:07:53,01:09:12,30,39
Running,28/05/2023 05:19,FALSE,Tangerang - Quality Session,20.04,863,02:11:59,164,187,3.5,169,199,06:35,04:13,8,24,0.9,0,"22,604",29,No,00:02.3,22,32,02:10:10,02:22:40,20,38
Running,26/05/2023 05:20,FALSE,Tangerang Running,15.01,683,01:44:49,161,175,3.2,171,191,06:59,05:31,4,15,0.84,0,"18,080",29,No,01:04.6,16,32,01:43:56,02:02:54,40,52
Running,24/05/2023 04:38,FALSE,Tangerang - Quality Session,11.77,492,01:14:23,159,182,3.3,163,200,06:19,04:13,6,12,0.97,0,"12,378",28,No,01:04.8,17,30,01:12:17,01:17:56,16,24
Running,23/05/2023 05:26,FALSE,Tangerang Running,10.01,464,01:13:35,153,169,2.8,166,184,07:21,05:27,2,11,0.82,0,"12,382",28,No,00:05.9,11,30,01:12:39,01:19:25,19,27
Running,21/05/2023 05:03,FALSE,Tangerang - Quality Session,25,"1,066",02:31:19,170,191,3.9,173,192,06:03,04:44,11,20,0.96,0,"26,148",29,No,00:02.6,26,33,02:30:44,02:54:27,36,46
Running,20/05/2023 07:56,FALSE,Tangerang - Easy Run,6.03,291,00:42:08,159,174,3,169,201,06:59,04:59,3,4,0.85,0,"7,216",30,No,00:15.2,7,32,00:41:50,00:44:37,48,52
Running,19/05/2023 05:50,FALSE,Tangerang - Easy Run,15.01,708,01:41:33,162,180,3.5,171,188,06:46,05:44,4,16,0.86,0,"17,408",29,No,00:02.4,16,31,01:40:17,01:44:30,34,52
Running,17/05/2023 05:44,FALSE,Tangerang - Quality Session,13.13,592,01:22:28,170,192,4,170,198,06:17,04:18,8,17,0.93,0,"14,126",27,No,00:04.9,18,32,01:20:20,01:24:56,46,54
Running,16/05/2023 04:56,FALSE,Tangerang Running,9,382,01:04:01,146,164,2.8,171,184,07:07,04:55,3,14,0.82,0,"11,008",28,No,00:01.3,10,30,01:03:35,01:11:37,39,51
Running,14/05/2023 08:07,FALSE,Tangerang Running,6.01,291,00:41:26,163,176,3.3,168,188,06:54,05:22,1,4,0.86,0,"6,986",31,No,00:02.1,7,33,00:41:09,00:43:31,48,52
Running,13/05/2023 05:08,FALSE,Tangerang - Quality Session,24.13,"1,109",02:36:56,173,196,4.3,168,195,06:30,04:21,10,23,0.91,0,"26,636",30,No,00:59.1,25,33,02:34:23,02:44:09,-24,-9
Running,12/05/2023 05:30,FALSE,Tangerang - Easy Run,7.01,319,00:46:13,157,174,3.2,173,182,06:36,05:36,5,10,0.88,0,"8,034",28,No,00:04.1,8,30,00:45:43,00:46:13,-109,-105
Running,09/05/2023 04:56,FALSE,Tangerang - Quality Session,11.52,474,01:10:59,161,191,3.6,169,200,06:10,03:57,6,14,0.95,0,"12,186",28,No,00:01.8,17,30,01:10:13,01:15:56,38,49
Running,07/05/2023 06:24,FALSE,Tangerang Running,5.7,246,00:37:17,154,173,3.1,173,188,06:33,05:04,10,18,0.88,0,"6,454",29,No,04:53.5,6,31,00:37:09,00:37:25,-29,-17
Running,06/05/2023 05:36,FALSE,Tangerang Running,21.01,935,02:07:57,173,194,5,172,195,06:05,04:44,14,29,0.95,0,"22,102",29,No,00:02.5,22,31,02:07:04,02:10:12,-35,-28
Running,05/05/2023 06:16,FALSE,Tangerang Running,10.01,463,01:09:38,159,181,3.5,169,184,06:57,05:41,9,14,0.85,0,"11,798",29,No,00:03.8,11,32,01:08:46,01:13:09,-28,-24
Running,03/05/2023 04:40,FALSE,Tangerang - Quality Session,10.18,444,01:04:21,165,187,3.6,171,194,06:19,04:31,8,14,0.92,0,"11,086",30,No,01:16.3,11,31,01:04:10,01:06:37,-3,3
Running,02/05/2023 04:40,FALSE,Tangerang Running,11.2,505,01:13:15,162,183,3.8,165,188,06:32,04:23,8,17,0.92,0,"12,260",29,No,01:28.0,12,31,01:12:12,01:15:07,17,23
Running,30/04/2023 06:11,FALSE,Tangerang Running,17.12,787,01:47:36,171,190,5,173,184,06:17,05:22,9,18,0.92,0,"18,642",29,No,00:39.1,18,32,01:47:27,01:49:41,15,28
Running,29/04/2023 07:11,FALSE,Tangerang - Easy Run,6.24,295,00:41:51,161,185,3.7,167,182,06:43,05:58,--,8,0.89,0,"7,038",29,No,01:39.3,7,31,00:41:37,00:41:51,-73,-63
Running,28/04/2023 05:34,FALSE,Tangerang - Quality Session,10.5,470,01:04:15,166,186,3.4,171,190,06:07,05:01,5,14,0.95,0,"11,088",28,No,03:22.9,11,31,01:03:24,01:21:55,-128,-116
Running,26/04/2023 06:11,FALSE,Tangerang Running,10,499,01:08:55,166,178,4,166,188,06:53,05:27,5,14,0.88,0,"11,478",29,No,00:01.9,11,33,01:07:33,01:09:22,-71,-60
Running,25/04/2023 16:27,FALSE,Tangerang Running,2.87,163,00:23:27,161,184,3.1,131,226,08:09,04:04,7,13,0.94,0,"3,276",31,No,00:01.0,7,34,00:23:00,00:23:57,-58,-41
Running,22/04/2023 07:45,FALSE,Chiyoda Ward Running,3.46,121,00:23:04,134,167,2.2,165,190,06:40,05:21,3,5,0.91,0,"3,926",20,No,03:01.3,4,27,00:22:56,00:44:13,-164,-157
Running,19/04/2023 04:46,FALSE,Chiyoda Ward Running,6.2,290,00:43:44,159,180,3.2,159,196,07:04,02:02,9,5,0.89,0,"7,052",18,No,01:07.5,7,25,00:41:25,00:52:34,-123,-117
Running,13/04/2023 06:24,FALSE,Tangerang Running,5.02,234,00:31:44,163,179,3.2,170,188,06:20,05:24,1,4,0.93,0,"5,400",29,No,00:04.7,6,29,00:31:10,00:31:46,-186,-182
Running,09/04/2023 06:24,FALSE,Tangerang Running,4.33,211,00:32:01,152,168,2.7,160,200,07:24,05:27,1,5,0.84,0,"5,220",29,No,02:13.6,5,31,00:30:20,00:38:21,-136,-132
Running,07/04/2023 06:28,FALSE,Tangerang Running,5.62,273,00:37:33,163,175,3.2,174,188,06:41,05:56,2,9,0.86,0,"6,520",27,No,04:03.8,6,30,00:37:02,00:41:15,-136,-129
Running,06/04/2023 07:44,FALSE,Tangerang Running,1.6,67,00:11:40,139,168,1.9,154,188,07:18,05:25,2,4,0.89,0,"1,976",30,No,04:20.4,2,32,00:11:16,00:18:05,-141,-109
Running,01/04/2023 05:21,FALSE,Tangerang - Quality Session,22.65,"1,021",02:21:08,172,193,4.4,168,196,06:14,04:33,15,32,0.95,0,"23,846",28,No,00:17.1,28,31,02:15:33,02:23:51,-63,-47
Running,31/03/2023 06:20,FALSE,Tangerang Running,6.01,305,00:40:42,169,199,3.6,172,188,06:47,05:54,1,9,0.86,0,"7,008",29,No,00:03.1,7,30,00:40:38,00:43:41,-41,-34
Running,29/03/2023 05:18,FALSE,Tangerang - Quality Session,8.66,406,00:56:18,164,190,3.6,172,186,06:30,05:21,6,13,0.89,0,"9,706",29,No,04:22.7,9,31,00:55:55,00:58:08,-7,0
Running,28/03/2023 04:43,FALSE,Tangerang Running,10.02,481,01:10:40,160,176,3.2,168,190,07:03,05:26,4,14,0.85,0,"11,954",29,No,00:06.8,11,31,01:10:23,01:13:01,5,15
Running,26/03/2023 06:09,FALSE,Tangerang Running,18.01,829,01:47:27,174,188,4.7,177,231,05:58,04:18,14,21,0.95,0,"18,954",29,No,00:02.5,19,32,01:47:19,01:50:14,10,18
Running,25/03/2023 07:00,FALSE,Tangerang Running,6.03,279,00:42:23,153,173,2.9,169,188,07:02,05:09,2,6,0.84,0,"7,244",30,No,00:01.0,8,31,00:42:13,00:44:07,32,36
Running,24/03/2023 06:02,FALSE,Tangerang Running,15.02,672,01:41:44,157,176,3.1,170,192,06:47,04:38,12,21,0.87,0,"17,436",29,No,00:04.7,16,32,01:41:26,01:51:22,41,52
Running,23/03/2023 06:18,FALSE,Tangerang Running,12.01,545,01:18:10,160,180,3.4,172,190,06:31,04:53,4,15,0.89,0,"13,458",29,No,00:03.1,13,33,01:17:44,01:19:52,43,52
Running,21/03/2023 05:02,FALSE,Tangerang Running,8.51,371,00:58:42,148,165,2.6,170,184,06:54,05:52,7,14,0.85,0,"10,042",28,No,03:30.1,9,31,00:58:33,01:03:03,21,29
Running,19/03/2023 05:53,FALSE,Tangerang - Easy Run,8.65,389,00:57:24,154,172,3,171,203,06:38,03:36,3,13,0.88,0,"9,912",28,No,03:52.2,9,31,00:56:54,00:59:53,22,31
Running,18/03/2023 05:33,FALSE,Tangerang - Quality Session,18.14,796,01:48:57,168,191,4,174,195,06:00,04:33,11,22,0.96,0,"19,098",28,No,00:02.2,20,32,01:48:14,01:53:48,34,44
Running,15/03/2023 07:29,FALSE,Tangerang - Quality Session,10.01,432,01:00:18,164,187,3.7,171,196,06:02,04:40,5,8,0.97,0,"10,422",28,No,00:04.6,11,30,00:59:43,01:02:46,49,55
Running,14/03/2023 05:02,FALSE,Tangerang Running,9.02,393,00:57:02,160,177,3.3,173,244,06:20,05:41,5,14,0.92,0,"9,844",29,No,00:05.5,10,30,00:56:26,00:57:02,43,52
Running,12/03/2023 06:20,FALSE,Tangerang - Easy Run,10.08,478,01:04:47,170,199,3.8,162,244,06:26,04:38,31,37,0.97,0,"10,602",30,No,00:28.7,11,33,01:02:05,01:04:47,-46,-31
Running,11/03/2023 05:43,FALSE,Tangerang - Easy Run,21.01,959,02:07:14,175,199,4.9,171,195,06:03,04:07,11,23,0.96,0,"21,816",28,No,00:03.3,22,31,02:05:33,02:09:45,0,11
Running,08/03/2023 17:11,FALSE,Tangerang - Easy Run,9.01,432,00:59:04,168,187,3.8,169,188,06:33,05:19,3,12,0.9,0,"10,020",31,No,00:02.4,10,33,00:58:33,01:03:42,43,52
Running,07/03/2023 05:22,FALSE,Tangerang - Quality Session,10.01,446,01:01:37,167,184,3.9,171,210,06:09,03:45,5,12,0.95,0,"10,552",27,No,00:03.3,11,29,01:00:56,01:01:37,48,53
Running,05/03/2023 05:53,FALSE,Tangerang - Quality Session,22.02,965,02:22:35,169,193,4.5,165,194,06:29,04:47,11,32,0.93,0,"23,776",28,No,00:29.1,23,35,02:19:03,02:22:41,34,52
Running,04/03/2023 06:55,FALSE,Tangerang - Easy Run,8.01,369,00:51:41,165,177,3.6,174,190,06:27,05:30,1,11,0.89,0,"9,010",29,No,00:03.9,9,32,00:51:35,00:53:11,40,53
Running,03/03/2023 06:18,FALSE,Tangerang - Easy Run,12.01,547,01:24:50,159,177,3.3,168,188,07:04,05:33,5,19,0.85,0,"14,400",28,No,00:04.9,13,32,01:24:22,01:30:39,-69,-52
Running,02/03/2023 11:33,FALSE,Tangerang Running,0.03,4,01:02.3,122,128,0,18,131,34:52:00,07:05,1,--,1.57,0,86,33,No,01:02.3,1,33,00:00:14,01:02.3,-41,-39
Running,01/03/2023 07:00,FALSE,Tangerang - Quality Session,9.42,394,00:57:20,166,196,3.6,167,200,06:05,04:10,8,13,0.98,0,"9,814",28,No,00:55.5,15,33,00:57:01,01:08:42,-40,-29
Running,26/02/2023 16:37,FALSE,Tangerang - Quality Session,13.27,637,01:28:59,173,190,4.1,163,196,06:42,04:02,10,21,0.92,0,"14,756",32,No,00:01.9,19,34,01:27:48,01:36:26,41,53
Running,24/02/2023 07:41,FALSE,Tangerang Running,10.01,461,01:08:22,163,190,3.5,167,198,06:50,03:44,7,15,0.88,0,"11,432",28,No,00:04.1,11,30,01:07:31,01:11:39,37,47
Running,22/02/2023 05:12,FALSE,Tangerang - Quality Session,8.22,347,00:55:12,157,190,3.1,159,196,06:43,04:14,10,15,0.93,0,"9,008",28,No,00:19.5,17,30,00:53:43,00:56:03,71,76
Running,21/02/2023 06:43,FALSE,Tangerang Running,7,346,00:50:10,166,191,3.5,161,194,07:10,04:16,4,12,0.87,0,"8,196",27,No,00:02.6,8,29,00:49:07,00:50:16,44,51
Running,18/02/2023 06:20,FALSE,Tangerang - Easy Run,10.01,504,01:15:29,166,183,3.3,159,180,07:33,05:42,3,13,0.83,0,"12,262",28,No,00:02.7,11,30,01:14:01,01:17:20,42,52
Running,17/02/2023 06:25,FALSE,Tangerang - Easy Run,10.01,496,01:07:20,172,187,4.1,167,196,06:44,04:02,4,12,0.89,0,"11,262",28,No,00:04.4,11,30,01:06:37,01:09:06,-36,-26
Running,15/02/2023 05:01,FALSE,Tangerang - Easy Run,9,402,01:02:11,154,173,3.1,171,180,06:54,05:34,4,15,0.85,0,"10,592",28,No,00:02.4,10,30,01:01:43,01:02:38,15,27
Running,12/02/2023 06:07,FALSE,Jakarta Running,10,433,00:52:50,181,197,4.9,176,202,05:17,04:01,17,20,1.07,0,"9,198",27,No,00:26.5,11,29,00:53:01,00:53:06,46,56
Running,10/02/2023 06:39,FALSE,Tangerang - Easy Run,6.01,279,00:40:16,161,182,3.1,168,215,06:42,03:20,3,8,0.89,0,"6,874",28,No,00:03.2,7,30,00:40:02,00:42:53,33,39
Running,08/02/2023 05:17,FALSE,Tangerang - Quality Session,7.24,315,00:45:21,163,197,3.5,167,196,06:16,04:19,3,11,0.95,0,"7,722",28,No,00:02:00,10,29,00:44:41,00:46:59,-15,-5
Running,07/02/2023 06:25,FALSE,Tangerang - Easy Run,6.31,281,00:45:01,152,169,2.6,164,180,07:08,06:01,1,13,0.86,0,"7,502",28,No,02:05.9,7,30,00:44:56,00:50:06,4,11
Running,05/02/2023 06:24,FALSE,Tangerang - Easy Run,8.01,371,00:59:18,153,173,2.9,163,184,07:24,05:51,3,13,0.83,0,"9,780",29,No,00:02.2,9,32,00:57:33,00:59:33,31,42
Running,04/02/2023 05:39,FALSE,Tangerang - Quality Session,20,955,02:05:31,178,202,4.9,166,198,06:17,04:22,11,27,0.95,0,"21,262",29,No,00:01.1,21,31,02:01:49,02:11:46,41,53
Running,03/02/2023 06:54,FALSE,Tangerang - Easy Run,10.01,472,01:07:37,163,177,3.4,172,184,06:46,05:31,5,13,0.86,0,"11,630",28,No,00:03.4,11,31,01:07:04,01:07:37,-11,-6
Running,01/02/2023 07:55,FALSE,Tangerang - Quality Session,10.52,482,01:06:45,170,194,3.9,158,215,06:21,04:13,8,16,0.99,0,"11,212",28,No,00:13.2,16,32,01:05:02,01:10:15,13,19
Running,31/01/2023 06:13,FALSE,Tangerang - Easy Run,8.01,374,00:55:14,159,175,3.3,171,182,06:54,05:51,--,12,0.85,0,"9,478",29,No,00:05.2,9,30,00:54:47,00:55:14,26,39
Running,29/01/2023 06:11,FALSE,Tangerang - Quality Session,18.01,746,01:54:57,163,188,3.2,173,198,06:23,04:18,10,20,0.9,0,"19,950",28,No,00:06.4,19,32,01:54:47,02:04:20,-20,-7
Running,28/01/2023 06:41,FALSE,Tangerang - Easy Run,7.01,328,00:53:53,157,179,2.7,169,191,07:41,05:47,21,36,0.77,0,"9,118",27,No,00:00:07,8,29,00:52:42,00:56:46,-4,18
Running,27/01/2023 06:10,FALSE,Tangerang - Easy Run,12.01,551,01:21:43,160,173,3.3,169,184,06:48,05:35,2,13,0.87,0,"13,942",29,No,00:05.0,13,31,01:20:43,01:23:25,6,19
Running,25/01/2023 04:58,FALSE,Tangerang - Quality Session,9.01,384,00:55:58,163,191,3.5,161,222,06:13,03:46,7,12,0.98,0,"9,274",27,No,00:02.5,16,29,00:54:18,00:58:58,43,48
Running,24/01/2023 06:07,FALSE,Tangerang - Easy Run,10.01,465,01:04:48,165,178,3.7,174,188,06:29,05:40,5,12,0.89,0,"11,246",28,No,00:02.5,11,30,01:04:16,01:04:48,44,51
Running,22/01/2023 06:10,FALSE,Tangerang - Easy Run,7,326,00:45:56,164,188,3.2,173,188,06:33,05:33,6,12,0.88,0,"7,952",28,No,00:03.8,8,30,00:45:27,00:45:56,-148,-141
Running,21/01/2023 05:44,FALSE,Tangerang - Quality Session,17.01,773,01:44:26,171,192,4.6,174,192,06:08,04:44,7,23,0.93,0,"18,158",27,No,00:05.5,18,32,01:42:34,01:44:26,-145,-136
Running,18/01/2023 05:12,FALSE,Tangerang - Quality Session,8.01,307,00:50:44,152,184,2.6,158,205,06:20,03:53,11,13,0.98,0,"8,392",27,No,00:01.5,14,29,00:49:33,00:50:59,-57,-49
Running,17/01/2023 05:51,FALSE,Tangerang - Easy Run,10.01,478,01:06:23,167,189,3.8,171,186,06:38,05:35,3,15,0.88,0,"11,334",28,No,00:04.3,11,30,01:06:01,01:06:23,-43,-30
Running,15/01/2023 06:03,FALSE,Tangerang Running,15.01,695,01:35:29,172,195,4.3,170,197,06:22,04:30,6,20,0.92,0,"16,352",29,No,02:07.7,16,32,01:34:49,01:37:21,-14,3
Running,14/01/2023 06:12,FALSE,Tangerang Running,7.67,355,00:51:07,160,176,3.3,172,181,06:40,05:15,7,14,0.87,0,"8,812",28,No,04:24.6,8,30,00:50:55,00:51:07,28,42
Running,13/01/2023 06:00,FALSE,Tangerang Running,10.02,455,01:08:33,158,177,3.3,165,182,06:50,05:34,3,12,0.88,0,"11,518",29,No,00:07.2,11,31,01:07:18,01:09:22,41,53
Running,11/01/2023 04:36,FALSE,Tangerang - Quality Session,8.65,377,00:54:31,167,189,3.6,162,237,06:18,03:57,6,13,0.98,0,"9,144",27,No,00:06.7,17,30,00:53:28,00:55:09,46,56
Running,10/01/2023 05:39,FALSE,Tangerang Running,10.03,455,01:06:13,163,188,3.6,173,190,06:36,05:17,11,10,0.88,0,"11,428",29,No,00:08.4,11,31,01:05:55,01:07:46,51,60
Running,08/01/2023 06:01,FALSE,Tangerang Running,17.03,726,01:52:09,166,193,3.6,174,192,06:35,05:14,11,19,0.87,0,"19,518",29,No,00:09.7,18,31,01:50:51,01:54:13,46,58
Running,07/01/2023 06:14,FALSE,Tangerang Running,6.01,282,00:40:39,167,189,3.4,175,184,06:46,05:55,4,3,0.84,0,"7,108",28,No,00:04.2,7,29,00:40:20,00:40:39,50,54
Running,06/01/2023 06:15,FALSE,Tangerang Running,10.01,487,01:06:25,174,197,4.3,170,186,06:38,05:29,3,17,0.89,0,"11,316",29,No,00:02.9,11,31,01:06:01,01:08:01,37,51
Running,04/01/2023 05:14,FALSE,Tangerang - Quality Session,8.4,336,00:53:14,160,187,3.1,167,194,06:20,04:09,5,11,0.94,0,"9,012",27,No,00:02:00,17,29,00:51:54,00:54:50,48,55
Running,03/01/2023 06:06,FALSE,Tangerang Running,7.02,317,00:49:20,159,180,3.2,171,181,07:02,05:44,2,10,0.83,0,"8,422",27,No,00:07.7,8,29,00:48:36,00:49:20,14,21
Running,31/12/2022 06:07,FALSE,Tangerang Running,20.22,998,02:23:18,177,199,4.6,160,192,07:05,05:16,16,35,0.88,0,"23,186",28,No,01:16.5,21,30,02:13:30,02:30:29,31,52
Running,30/12/2022 06:59,FALSE,Tangerang Running,6.08,300,00:42:14,173,194,3.7,167,184,06:57,05:49,2,9,0.86,0,"7,078",27,No,00:29.3,7,28,00:41:27,00:43:27,40,49
Running,28/12/2022 06:01,FALSE,Tangerang - Quality Session,8.7,400,00:54:15,176,201,5,163,225,06:14,03:53,3,13,0.99,0,"9,136",28,No,01:17.9,15,30,00:52:58,00:56:40,46,51
Running,27/12/2022 06:37,FALSE,Tangerang Running,7.01,309,00:48:15,159,180,3.2,167,194,06:53,05:13,5,18,0.88,0,"8,218",27,No,00:03.1,8,28,00:46:33,00:48:15,-26,-12
Running,23/12/2022 06:33,FALSE,Badung Running,0,1,00:17.7,135,155,0,--,--,--,--,--,--,--,0,42,28,No,00:17.7,1,28,00:00:00,00:17.7,62,63
Running,21/12/2022 07:10,FALSE,Badung - Quality Session,4.46,223,00:34:53,165,191,3.3,135,197,07:50,04:00,54,64,1.01,0,"5,040",30,No,00:25.9,12,33,00:32:02,00:35:12,51,63
Running,20/12/2022 06:37,FALSE,Tangerang Running,7,320,00:49:57,162,182,3.4,164,186,07:08,05:32,3,10,0.85,0,"8,374",30,No,00:03.6,8,32,00:49:38,00:53:48,42,52
Running,18/12/2022 06:04,FALSE,Tangerang Running,15,703,01:38:54,177,196,5,170,188,06:36,05:14,5,18,0.89,0,"16,922",29,No,00:03.2,16,33,01:37:53,01:38:55,19,32
Running,17/12/2022 06:36,FALSE,Tangerang Running,6.01,282,00:44:29,165,188,3.3,165,182,07:24,06:10,2,11,0.82,0,"7,456",29,No,00:03.3,7,32,00:43:20,00:44:29,46,52
Running,16/12/2022 06:25,FALSE,Tangerang Running,9.01,421,00:59:16,176,191,4.8,171,190,06:35,04:22,3,14,0.89,0,"10,158",29,No,00:03.3,10,32,00:58:23,00:59:16,39,52
Running,13/12/2022 06:27,FALSE,Tangerang Running,7.01,332,00:48:00,171,188,4.1,168,240,06:51,05:14,3,11,0.87,0,"8,106",29,No,00:02.2,8,31,00:47:19,00:48:02,30,37
Running,10/12/2022 07:26,FALSE,Minato Ward Running,3.01,202,00:59:32,123,168,1.7,39,200,19:45,05:13,12,6,1.3,0,"3,432",16,No,01:29.2,4,23,00:28:28,00:59:32,-38,-31
Running,03/12/2022 06:59,FALSE,Tangerang Running,5.46,260,00:38:32,171,195,3.9,162,196,07:04,04:33,4,7,0.87,0,"6,424",30,No,02:43.0,6,31,00:37:11,00:38:32,48,53
Running,02/12/2022 06:19,FALSE,Tangerang Running,6,283,00:42:21,171,185,3.9,170,188,07:03,05:35,2,7,0.84,0,"7,164",29,No,00:03.0,7,30,00:41:28,00:42:21,33,40
Running,29/11/2022 06:53,FALSE,Tangerang Running,6.32,304,00:43:04,174,196,4.7,169,188,06:49,05:32,3,7,0.87,0,"7,336",30,No,02:03.3,7,32,00:42:40,00:43:04,48,53
Running,27/11/2022 06:24,FALSE,Tangerang Running,5.49,272,00:36:57,180,197,4.5,172,190,06:44,04:59,2,9,0.86,0,"6,360",29,No,00:18.4,8,32,00:36:48,00:37:09,-130,-122
Running,26/11/2022 06:20,FALSE,Tangerang Running,10.01,466,01:09:49,166,190,4.2,167,188,06:58,05:36,6,14,0.86,0,"11,790",29,No,00:03.0,11,31,01:07:20,01:09:49,-134,-120
Running,22/11/2022 00:24,FALSE,Tangerang Running,4,208,00:29:29,174,193,3.7,162,193,07:22,05:38,2,5,0.84,0,"4,844",30,No,00:01.7,5,31,00:29:28,00:29:38,-55,-50
Running,20/11/2022 06:30,FALSE,Tangerang Running,7.02,336,00:51:25,162,180,3.7,164,182,07:20,05:19,1,10,0.84,0,"8,520",30,No,00:07.5,8,33,00:50:36,00:51:25,-18,40
