Activity Type,Date,Title,Distance,Calories,Time,Avg HR,Max HR,Aerobic TE,Avg Run Cadence,Max Run Cadence,Avg Pace,Best Pace,Total Ascent,Total Descent,Avg Stride Length,Avg Vertical Ratio,Avg Vertical Oscillation,Avg Ground Contact Time,Avg GAP,Normalized Power® (NP®),Training Stress Score®,Avg Power,Max Power,Steps,Min Temp,Decompression,Best Lap Time,Number of Laps,Max Temp,Avg Resp,Min Resp,Max Resp,Moving Time,Elapsed Time,Min Elevation,Max Elevation
Running,12/05/2025 05:20,Tangerang - W7-D1,17.01,"1,012",01:34:30,142,149,3.5,179,184,05:33,04:42,9,15,1,8.3,8.3,248,05:34,--,0,--,--,"16,864",27,No,00:02.1,18,31,--,--,--,01:34:26,01:34:30,35,45
Running,10/05/2025 05:14,Tangerang - W6-D4,20.01,"1,272",01:37:18,167,179,5,182,190,04:52,04:09,13,13,1.13,7.7,8.6,234,04:52,--,0,--,--,"17,582",28,No,00:02.5,21,31,--,--,--,01:37:15,01:37:18,33,40
Running,08/05/2025 05:52,Tangerang - W6-D3,10.17,628,00:51:47,154,180,3.9,162,247,05:05,03:37,6,9,1.17,7.8,8.8,246,05:06,--,0,--,--,"8,502",27,No,00:02.4,16,30,--,--,--,00:51:41,00:51:47,33,39
Running,08/05/2025 05:45,Tangerang Running,1.01,58,05:46.4,124,138,1,167,182,05:44,04:10,--,--,1.01,8.8,8.8,258,05:49,--,0,--,--,986,29,No,00:02.2,2,31,--,--,--,00:05:45,00:06:15,39,40
Running,06/05/2025 05:36,Tangerang - W6-D2,17.01,"1,018",01:17:23,163,174,5,176,188,04:33,04:05,11,11,1.24,7.6,9.4,234,04:33,--,0,--,--,"13,598",26,No,00:02.0,18,30,--,--,--,01:17:19,01:17:23,35,39
Running,06/05/2025 05:23,Tangerang Running,2.01,121,00:11:55,128,138,1.7,175,181,05:56,05:04,--,--,0.95,8.8,8.4,256,05:58,--,0,--,--,"2,080",28,No,00:02.9,3,31,--,--,--,00:11:54,00:11:55,39,41
Running,05/05/2025 05:27,Tangerang - W6-D1,16.01,947,01:29:01,139,148,3.3,179,186,05:34,05:08,8,12,1,8.3,8.3,248,05:34,--,0,--,--,"15,878",26,No,00:02.7,17,31,--,--,--,01:28:57,01:29:01,34,42
Running,03/05/2025 05:21,Tangerang - W5-D4,19.01,"1,135",01:32:50,153,161,4.4,179,188,04:53,04:40,14,15,1.14,7.8,8.9,238,04:54,--,0,--,--,"16,534",26,No,00:02.1,20,30,--,--,--,01:32:46,01:32:50,35,40
Running,03/05/2025 05:13,Tangerang Running,1.01,61,06:11.9,124,135,0.9,173,183,06:09,05:38,--,1,0.93,8.8,8.2,257,06:13,--,0,--,--,"1,090",28,No,00:03.3,2,30,--,--,--,00:06:11,00:06:12,37,38
Running,01/05/2025 06:00,Tangerang - W5-D3,8.91,531,00:45:58,146,177,3.4,156,186,05:10,03:38,5,8,1.18,7.7,8.8,233,05:10,--,0,--,--,"7,570",26,No,00:02.3,14,29,--,--,--,00:45:47,00:45:58,34,40
Running,01/05/2025 05:54,Tangerang Running,1.01,60,05:57.7,126,138,0.9,173,177,05:54,05:37,--,--,0.97,8.7,8.5,256,05:57,--,0,--,--,"1,030",28,No,00:03.1,2,30,--,--,--,05:56,00:05:58,38,39
Running,29/04/2025 05:27,Tangerang - W5-D2,16.01,967,01:12:34,166,177,5,180,190,04:32,04:13,11,11,1.22,7.5,9.1,230,04:32,--,0,--,--,"12,968",27,No,00:02.8,17,30,--,--,--,01:12:29,01:12:34,34,40
Running,29/04/2025 05:15,Tangerang Running,2.01,116,00:11:36,123,142,1.6,174,181,05:47,05:36,--,1,0.98,8.6,8.5,254,05:48,--,0,--,--,"2,014",28,No,00:02.3,3,31,--,--,--,00:11:34,00:11:36,38,40
Running,28/04/2025 05:19,Tangerang - W5-D1,15.01,908,01:23:09,142,152,3.4,179,188,05:32,05:01,8,13,1,8.3,8.3,247,05:33,--,0,--,--,"14,868",27,No,00:02.9,16,31,--,--,--,01:23:06,01:23:09,34,40
Running,26/04/2025 05:15,Tangerang - W4-D4,18.01,"1,088",01:26:30,156,169,4.8,180,189,04:48,04:06,21,12,1.15,7.7,8.8,235,04:49,--,0,--,--,"15,518",28,No,00:02.4,19,31,--,--,--,01:26:26,01:26:30,34,39
Running,24/04/2025 05:58,Tangerang - W4-D3,8.97,552,00:45:57,152,184,3.7,163,190,05:07,03:08,1,11,1.15,7.7,8.5,237,05:09,--,0,--,--,"7,698",26,No,00:03.6,14,30,--,--,--,00:45:51,00:45:57,34,46
Running,22/04/2025 05:47,Tangerang - W4-D2,16.01,957,01:12:06,164,172,5,181,188,04:30,04:12,8,12,1.22,7.4,9,228,04:31,--,0,--,--,"12,972",26,No,00:02.7,17,31,--,--,--,01:12:03,01:12:06,33,41
Running,22/04/2025 05:40,Tangerang Running,1.01,61,05:52.5,127,139,1,174,183,05:49,05:17,--,--,0.98,8.6,8.5,255,05:52,--,0,--,--,"1,018",28,No,00:02.9,2,31,--,--,--,00:05:51,00:05:53,38,39
Running,21/04/2025 05:42,Tangerang - W4-D1,14.01,851,01:17:16,143,151,3.4,181,187,05:31,05:06,7,12,0.99,8.2,8.2,245,05:32,--,0,--,--,"13,930",27,No,00:01.9,15,31,--,--,--,01:17:13,01:17:16,33,41
Running,19/04/2025 05:58,Tangerang - W3-D4,17.01,"1,081",01:21:58,165,181,5,182,189,04:49,03:08,6,16,1.14,7.6,8.7,234,04:50,--,0,--,--,"14,788",28,No,00:01.8,18,31,--,--,--,01:21:50,01:22:10,34,46
Running,17/04/2025 06:08,Tangerang - W3-D3,8.98,558,00:45:55,153,183,3.8,160,184,05:07,03:39,9,11,1.17,7.8,8.9,248,05:07,--,0,--,--,"7,546",27,No,00:02.4,14,30,--,--,--,00:45:47,00:45:55,33,40
Running,17/04/2025 06:02,Tangerang Running,1.01,61,05:50.2,130,141,1,171,179,05:46,04:58,--,--,1,8.7,8.7,256,05:48,--,0,--,--,"1,004",29,No,00:03.4,2,32,--,--,--,00:05:49,00:05:50,38,40
Running,15/04/2025 06:01,Tangerang - W3-D2,14.01,854,01:02:53,167,176,5,177,188,04:29,04:06,7,9,1.25,7.5,9.4,231,04:30,--,0,--,--,"11,112",26,No,00:02.3,15,30,--,--,--,01:02:47,01:02:53,33,38
Running,15/04/2025 05:55,Tangerang Running,1.01,55,05:42.7,117,125,0.8,173,178,05:39,05:21,--,1,1.02,8.7,8.9,257,05:42,--,0,--,--,980,28,No,00:03.0,2,31,--,--,--,00:05:42,00:05:43,38,39
Running,14/04/2025 05:47,Tangerang - W3-D1,14.01,851,01:17:54,141,149,3.4,178,188,05:34,04:52,5,7,1,8.4,8.4,248,05:34,--,0,--,--,"13,850",26,No,00:02.5,15,30,--,--,--,01:17:50,01:17:54,34,38
Running,12/04/2025 05:32,Tangerang - W2-D4,16.01,"1,006",01:16:32,163,175,5,178,196,04:47,04:18,19,19,1.17,7.7,9,236,04:47,--,0,--,--,"13,628",27,No,00:02.1,17,30,--,--,--,01:16:29,01:16:55,32,36
Running,12/04/2025 05:19,Tangerang Running,2.01,126,00:11:49,132,143,2,179,189,05:53,05:32,3,5,0.94,8.5,8,250,05:54,--,0,--,--,"2,122",28,No,00:02.7,3,31,--,--,--,00:11:48,00:11:49,36,40
Running,10/04/2025 06:06,Tangerang Running,9.01,546,00:45:57,150,179,3.6,161,187,05:06,03:34,8,6,1.18,7.8,9,252,05:06,--,0,--,--,"7,556",27,No,00:00.7,15,30,--,--,--,00:45:47,00:45:57,32,36
Running,10/04/2025 05:59,Tangerang Running,1.02,58,05:45.3,122,136,0.9,173,179,05:39,05:11,--,--,1.01,8.6,8.6,254,05:43,--,0,--,--,992,29,No,00:05.3,2,31,--,--,--,00:05:45,00:05:45,36,37
Running,08/04/2025 06:00,Tangerang - W2-D2,12.01,727,00:54:23,165,174,5,176,184,04:32,04:19,7,12,1.25,7.6,9.5,233,04:32,--,0,--,--,"9,558",26,No,00:02.0,13,30,--,--,--,00:54:19,00:54:23,32,38
Running,08/04/2025 05:54,Tangerang Running,1.01,59,05:49.0,126,142,1.1,171,177,05:45,05:26,--,--,1.01,8.7,8.8,257,05:49,--,0,--,--,992,29,No,00:03.1,2,32,--,--,--,00:05:46,00:05:49,38,39
Running,07/04/2025 05:45,Tangerang - W2-D1,14.01,881,01:17:44,147,156,3.6,177,184,05:33,05:02,8,8,1.01,8.4,8.5,249,05:34,--,0,--,--,"13,770",26,No,00:01.7,15,31,--,--,--,01:17:41,01:17:44,32,36
Running,05/04/2025 05:52,Tangerang - W1-D4,15.01,899,01:10:13,157,174,5,177,186,04:41,04:10,11,12,1.2,7.7,9.3,236,04:41,--,0,--,--,"12,384",26,No,00:02.4,16,31,--,--,--,01:10:09,01:10:13,33,38
Running,03/04/2025 06:05,Tangerang - W1-D3,8.74,530,00:43:35,151,180,3.7,161,187,04:59,03:41,10,14,1.2,7.7,9,235,05:00,--,0,--,--,"7,238",26,No,00:01.8,13,30,--,--,--,00:43:30,00:43:35,31,38
Running,03/04/2025 05:59,Tangerang Running,1.01,59,05:50.6,124,143,1,168,174,05:48,05:16,--,--,1.02,8.9,9.1,262,05:49,--,0,--,--,984,29,No,00:02.7,2,31,--,--,--,00:05:50,00:05:51,38,39
Running,01/04/2025 06:24,Tangerang Running,10.01,600,00:44:25,164,175,4.5,179,188,04:26,04:06,9,13,1.24,7.3,9.2,227,04:27,--,0,--,--,"7,962",27,No,00:01.7,11,29,--,--,--,00:44:23,00:44:25,33,40
Running,01/04/2025 06:15,Tangerang Running,1.5,92,09:08.5,125,138,1.3,175,179,06:06,05:47,--,1,0.94,8.9,8.4,260,06:06,--,0,--,--,"1,588",28,No,02:59.1,2,30,--,--,--,00:09:07,00:09:09,37,39
Running,31/03/2025 05:42,Tangerang - W1-D1,14.01,872,01:17:52,144,157,3.6,177,186,05:34,05:15,12,12,1.01,8.4,8.5,250,05:34,--,0,--,--,"13,758",26,No,00:01.8,15,31,--,--,--,01:17:49,01:17:52,32,38
Running,29/03/2025 06:43,Tangerang Running,15.7,977,01:28:21,137,155,3.7,182,191,05:38,04:45,32,31,0.97,8.2,8,245,05:38,--,0,--,--,"16,020",25,No,03:53.2,16,31,--,--,--,01:28:15,01:29:48,31,42
Running,27/03/2025 06:18,Tangerang - Test,6.94,388,00:32:00,146,169,3.4,175,181,04:37,03:42,5,10,1.24,7.8,9.5,236,04:36,--,0,--,--,"5,562",26,No,02:00.4,8,30,--,--,--,00:31:58,00:32:00,33,38
Running,25/03/2025 06:03,Tangerang Running,5.01,265,00:21:53,142,157,3,174,181,04:22,04:08,2,3,1.31,7.5,9.9,233,04:22,--,0,--,--,"3,796",27,No,00:02.7,6,31,--,--,--,00:21:50,00:21:53,35,39
Running,24/03/2025 05:57,Tangerang Running,10.01,609,00:54:21,142,153,3.3,178,186,05:26,04:57,6,10,1.02,8.2,8.4,246,05:27,--,0,--,--,"9,686",27,No,00:02.0,11,30,--,--,--,00:54:19,00:54:21,32,39
Running,22/03/2025 06:11,Tangerang Running,11.01,660,00:52:49,154,169,4.2,177,184,04:48,04:16,4,8,1.17,7.8,9.1,238,04:47,--,0,--,--,"9,314",28,No,00:02.5,12,31,--,--,--,00:52:46,00:52:49,34,41
Running,21/03/2025 06:09,Tangerang Running,5.65,335,00:35:58,120,144,2.2,175,184,06:22,05:34,17,16,0.89,9,8,259,06:22,--,0,--,--,"6,292",28,No,04:00.5,6,32,--,--,--,00:35:47,00:40:22,38,48
Running,17/03/2025 08:09,Running,4.15,253,00:28:28,120,133,2,179,190,06:52,03:29,34,15,0.82,9,7.3,256,06:42,--,0,--,--,"5,114",9,No,00:59.0,5,18,--,--,--,00:28:14,00:35:49,51,70
Running,16/03/2025 08:06,Seoul Marathon,42.5,"2,487",03:09:53,163,182,5,184,194,04:28,03:43,87,129,1.21,7.2,8.8,225,04:29,--,0,--,--,"34,660",11,No,02:00.9,43,19,--,--,--,03:09:45,03:09:53,10,61
Running,15/03/2025 08:06,Running,5.24,305,00:30:01,126,136,2.4,180,214,05:43,03:40,32,17,0.97,8.3,8,246,05:40,--,0,--,--,"5,400",16,No,01:31.2,6,28,--,--,--,00:29:53,00:31:53,52,72
Running,14/03/2025 08:24,Running,5.26,300,00:30:00,123,145,2.4,180,204,05:42,03:13,23,6,0.97,8.3,8,247,05:40,--,0,--,--,"5,396",16,No,01:29.8,6,27,--,--,--,00:29:56,00:32:43,59,75
Running,11/03/2025 05:49,Tangerang - W20-D2,14.01,819,01:04:27,155,169,4.7,178,188,04:36,04:20,20,21,1.22,7.6,9.3,233,04:36,--,0,--,--,"11,402",26,No,00:02.8,15,29,--,--,--,01:04:23,01:04:27,30,38
Running,10/03/2025 06:08,Tangerang - W20-D1,9.9,594,00:50:02,147,168,3.7,178,188,05:03,04:06,9,6,1.11,8,8.8,241,05:03,--,0,--,--,"8,802",27,No,00:02.2,41,31,--,--,--,00:50:02,00:50:02,28,33
Running,07/03/2025 05:31,Tangerang - W19-D4,15.01,886,01:22:39,140,148,3.4,179,186,05:30,04:28,22,38,1.01,8.3,8.3,247,05:31,--,0,--,--,"14,754",27,No,00:02.8,16,30,--,--,--,01:22:36,01:22:39,26,49
Running,06/03/2025 05:46,Tangerang - W19-D3,15.01,893,01:08:46,161,170,5,177,184,04:35,04:19,16,16,1.23,7.6,9.4,234,04:35,--,0,--,--,"12,118",26,No,00:02.8,16,31,--,--,--,01:08:44,01:08:46,30,38
Running,04/03/2025 06:20,Tangerang - W19-D2,12.91,753,01:01:22,157,169,4.4,172,222,04:45,03:41,28,30,1.19,7.4,8.7,238,04:45,--,0,--,--,"10,674",27,No,00:01.4,16,30,--,--,--,01:01:17,01:01:22,17,26
Running,03/03/2025 06:02,Tangerang - W19-D1,10.01,598,00:56:06,137,148,3.1,182,189,05:36,05:19,7,9,0.98,8.3,8.1,246,05:37,--,0,--,--,"10,118",26,No,00:01.8,11,31,--,--,--,00:56:03,00:56:06,35,40
Running,01/03/2025 05:10,Tangerang - LR,30.01,"1,818",02:20:30,163,176,5,177,191,04:41,04:12,59,60,1.2,7.7,9.2,235,04:41,--,0,--,--,"24,840",27,No,00:02.0,31,32,--,--,--,02:20:24,02:20:42,31,42
Running,27/02/2025 06:13,Tangerang - W18-D3,6.69,401,00:34:08,149,181,3.3,161,184,05:06,03:31,5,8,1.19,7.8,8.9,233,05:07,--,0,--,--,"5,530",26,No,00:02.0,11,29,--,--,--,00:34:03,00:34:08,33,40
Running,25/02/2025 05:59,Tangerang - W18-D2,10.01,593,00:45:32,161,170,4.2,180,190,04:33,04:13,10,11,1.22,7.5,9.1,230,04:34,--,0,--,--,"8,156",26,No,00:02.1,11,29,--,--,--,00:45:29,00:45:32,30,37
Running,24/02/2025 06:03,Tangerang - W18-D1,10.01,606,00:56:19,139,147,3.1,179,186,05:38,05:21,8,10,0.98,8.4,8.2,248,05:39,--,0,--,--,"10,080",27,No,00:02.2,11,31,--,--,--,00:56:17,00:56:19,33,38
Running,22/02/2025 04:57,Tangerang - LR,28.01,"1,678",02:17:50,155,166,5,183,192,04:55,04:28,51,53,1.11,7.7,8.5,234,04:56,--,0,--,--,"25,026",28,No,00:02.3,29,31,--,--,--,02:17:45,02:17:52,29,42
Running,20/02/2025 06:07,Tangerang - W17-D3,6.73,403,00:34:10,148,177,3.3,154,225,05:05,03:26,6,12,1.22,7.7,9,235,05:06,--,0,--,--,"5,568",25,No,00:02.8,11,29,--,--,--,00:34:05,00:34:10,30,38
Running,18/02/2025 05:57,Tangerang - W17-D2,13.01,765,01:00:20,157,167,4.5,177,188,04:38,04:27,11,12,1.21,7.7,9.3,235,04:39,--,0,--,--,"10,614",26,No,00:02.5,14,30,--,--,--,01:00:16,01:00:20,33,40
Running,17/02/2025 05:49,Tangerang - W17-D1,11.01,658,01:02:28,138,145,3.1,178,188,05:40,05:12,12,12,0.99,8.5,8.4,251,05:41,--,0,--,--,"11,066",27,No,00:03.1,12,30,--,--,--,01:02:25,01:02:28,31,39
Running,15/02/2025 05:07,Tangerang - LR,21.01,"1,281",01:45:31,156,165,4.8,180,189,05:01,04:37,44,45,1.1,7.9,8.7,239,05:02,--,0,--,--,"18,858",27,No,00:02.5,22,30,--,--,--,01:45:27,01:45:31,31,42
Running,13/02/2025 05:51,Tangerang - W16-D3,12.33,730,01:05:20,148,178,3.7,158,231,05:18,03:32,21,23,1.14,7.8,8.6,237,05:18,--,0,--,--,"10,700",26,No,00:02.9,17,30,--,--,--,01:05:13,01:05:20,31,40
Running,11/02/2025 05:51,Tangerang - W16-D2,15.01,873,01:06:19,164,173,5,178,191,04:25,04:08,17,17,1.26,7.4,9.4,229,04:25,--,0,--,--,"11,780",27,No,00:02.0,16,31,--,--,--,01:06:17,01:06:19,31,39
Running,10/02/2025 05:43,Tangerang - W16-D1,13.01,764,01:11:13,139,148,3.3,181,190,05:28,04:44,13,15,1.01,8.2,8.2,245,05:29,--,0,--,--,"12,808",27,No,00:02.4,14,32,--,--,--,01:11:09,01:11:13,33,41
Running,08/02/2025 05:46,Tangerang - LR,22.01,"1,290",01:50:07,150,161,4.4,182,190,05:00,04:29,43,35,1.09,7.8,8.5,237,05:00,--,0,--,--,"19,886",26,No,00:02.9,23,30,--,--,--,01:50:02,01:53:12,29,42
Running,06/02/2025 05:58,Tangerang - W15-D3,10.83,660,00:55:46,153,181,3.9,166,188,05:09,03:28,19,21,1.13,7.8,8.6,237,05:09,--,0,--,--,"9,468",27,No,00:03.3,15,30,--,--,--,00:55:40,00:55:46,29,39
Running,04/02/2025 05:45,Tangerang - W15-D2,16.01,931,01:10:34,165,175,5,180,189,04:24,04:12,21,22,1.26,7.3,9.2,227,04:25,--,0,--,--,"12,600",27,No,00:03.1,17,30,--,--,--,01:10:30,01:10:34,32,43
Running,03/02/2025 05:40,Tangerang - W15-D1,14.01,853,01:16:24,145,154,3.6,183,192,05:27,04:57,27,31,1,8.1,8.1,243,05:28,--,0,--,--,"13,876",27,No,00:02.5,15,30,--,--,--,01:16:21,01:16:24,32,40
Running,01/02/2025 05:19,Tangerang - LR,23.01,"1,405",01:55:48,157,167,5,178,188,05:02,04:19,36,37,1.11,7.9,8.8,241,05:02,--,0,--,--,"20,544",--,No,00:02.9,24,--,--,--,--,01:55:42,01:55:48,31,41
Running,30/01/2025 06:04,Tangerang - W14-D3,10.88,657,00:55:41,151,181,4,169,231,05:07,03:29,11,14,1.12,7.8,8.6,249,05:08,--,0,--,--,"9,486",--,No,00:02.7,15,--,--,--,--,00:55:35,00:55:41,30,39
Running,29/01/2025 06:02,Tangerang - W14-D2,16.01,944,01:12:22,162,176,5,177,188,04:31,04:13,28,27,1.24,7.5,9.4,232,04:31,--,0,--,--,"12,782",--,No,00:02.9,17,--,--,--,--,01:12:18,01:12:22,33,44
Running,27/01/2025 05:37,Tangerang - W14-D1,15.01,880,01:23:26,138,146,3.4,182,188,05:34,04:58,15,14,0.98,8.2,8.1,245,05:34,--,0,--,--,"15,054",--,No,00:02.2,16,--,--,--,--,01:23:23,01:23:26,33,44
Running,26/01/2025 04:49,Tangerang - LR,24.01,"1,470",02:00:18,156,170,5,182,192,05:01,04:15,31,27,1.09,7.8,8.5,237,05:01,--,0,--,--,"21,740",--,No,00:02.8,25,--,--,--,--,02:00:12,02:01:08,33,43
Running,23/01/2025 05:49,Tangerang - W13-D3,10.91,646,00:56:12,146,182,3.6,171,190,05:09,03:36,9,13,1.1,7.8,8.4,248,05:11,--,0,--,--,"9,656",--,No,00:02.3,15,--,--,--,--,00:56:05,00:56:12,32,39
Running,21/01/2025 05:39,Tangerang - W13-D2,17.01,"1,014",01:18:11,162,171,5,180,188,04:36,04:22,12,14,1.21,7.5,9.1,232,04:36,--,0,--,--,"13,986",--,No,00:02.3,18,--,--,--,--,01:18:08,01:18:11,34,40
Running,20/01/2025 05:38,Tangerang - W13-D1,16.01,977,01:29:48,143,154,3.6,183,189,05:37,04:59,13,11,0.97,8.2,8,245,05:37,--,0,--,--,"16,286",--,No,00:02.6,17,--,--,--,--,01:29:44,01:29:48,34,38
Running,17/01/2025 05:07,Tangerang - LR,25.01,"1,470",02:07:18,148,158,4.5,181,190,05:05,04:48,21,20,1.08,7.9,8.5,239,05:06,--,0,--,--,"22,880",--,No,00:02.5,26,--,--,--,--,02:07:13,02:07:18,33,39
Running,16/01/2025 05:53,Tangerang - Jog,7.01,413,00:46:48,120,126,2.2,175,181,06:41,06:21,7,6,0.85,9.3,7.9,263,06:42,--,0,--,--,"8,204",--,No,00:01.9,8,--,--,--,--,00:46:42,00:46:48,34,40
Running,14/01/2025 05:23,Tangerang - H2,12.01,722,00:55:11,161,186,4.8,175,196,04:36,04:15,11,12,1.24,7.7,9.6,237,04:36,--,0,--,--,"9,614",--,No,00:01.2,13,--,--,--,--,00:55:10,00:55:31,32,43
Running,13/01/2025 05:31,Tangerang Running,17.01,986,01:33:07,136,156,3.4,177,184,05:29,05:09,12,10,1.03,8.3,8.6,249,05:29,--,0,--,--,"16,486",--,No,00:02.1,18,--,--,--,--,01:33:03,01:33:07,33,38
Running,11/01/2025 05:23,Tangerang - LR,26.01,"1,575",02:11:17,153,163,4.9,177,188,05:03,04:35,27,28,1.11,8,8.9,242,05:03,--,0,--,--,"23,182",--,No,00:02.2,27,--,--,--,--,02:11:13,02:11:39,33,44
Running,09/01/2025 05:52,Tangerang - H3,10.91,628,00:57:06,141,168,3.4,167,245,05:14,03:44,14,14,1.12,8.1,8.9,258,05:14,--,0,--,--,"9,570",--,No,00:02.6,15,--,--,--,--,00:57:00,00:57:06,30,39
Running,07/01/2025 05:37,Tangerang - H2,19.01,"1,124",01:27:34,160,180,5,176,188,04:36,04:21,23,23,1.23,7.7,9.4,235,04:37,--,0,--,--,"15,392",--,No,00:02.8,20,--,--,--,--,01:27:29,01:27:46,32,40
Running,06/01/2025 05:16,Tangerang - H1,18.01,"1,065",01:40:31,141,151,3.6,177,187,05:35,05:01,20,16,1.01,8.4,8.5,250,05:35,--,0,--,--,"17,750",--,No,00:02.3,19,--,--,--,--,01:40:27,01:40:31,31,43
Running,04/01/2025 05:37,Tangerang - LR,25.01,"1,523",02:05:31,155,173,5,178,189,05:01,04:50,26,24,1.11,7.9,8.8,240,05:01,--,0,--,--,"22,356",--,No,00:02.8,26,--,--,--,--,02:05:27,02:05:31,31,39
Running,02/01/2025 06:14,Tangerang - H3,10.88,651,00:56:41,148,176,3.7,167,190,05:13,03:41,13,14,1.11,7.9,8.5,248,05:13,--,0,--,--,"9,666",--,No,00:02.5,15,--,--,--,--,00:56:35,00:56:41,33,41
Running,31/12/2024 05:35,Tangerang - H2,18.01,"1,033",01:22:25,156,174,5,180,188,04:35,04:12,19,20,1.21,7.5,9.1,231,04:35,--,0,--,--,"14,734",--,No,00:02.2,19,--,--,--,--,01:22:21,01:22:25,31,39
Running,30/12/2024 05:48,Tangerang - H1,17.01,"1,014",01:36:03,141,150,3.5,180,200,05:39,05:06,17,15,0.98,8.4,8.2,248,05:39,--,0,--,--,"17,202",--,No,00:02.4,18,--,--,--,--,01:35:59,01:36:03,32,40
Running,28/12/2024 05:30,Tangerang - LR,24.01,"1,454",02:00:10,155,170,4.9,180,192,05:00,03:58,24,34,1.11,7.9,8.7,239,05:01,--,0,--,--,"21,512",--,No,00:02.9,25,--,--,--,--,02:00:04,02:00:10,31,43
Running,26/12/2024 05:43,Tangerang - H3,10.83,646,00:56:50,145,173,3.5,167,190,05:15,03:37,9,10,1.11,7.8,8.5,239,05:15,--,0,--,--,"9,692",--,No,00:02.7,15,--,--,--,--,00:56:44,00:56:50,32,39
Running,24/12/2024 05:53,Tangerang - H2,17.01,"1,012",01:18:52,161,175,5,177,192,04:38,03:27,22,21,1.21,7.7,9.3,235,04:39,--,0,--,--,"13,916",--,No,00:02.2,18,--,--,--,--,01:18:47,01:19:37,35,47
Running,23/12/2024 05:28,Tangerang - H1,16.01,966,01:30:04,142,150,3.5,179,188,05:38,05:12,13,12,0.99,8.4,8.3,249,05:38,--,0,--,--,"16,052",--,No,00:02.5,17,--,--,--,--,01:30:01,01:30:04,33,39
Running,21/12/2024 05:28,Tangerang - LR,23.01,"1,403",01:56:29,155,167,4.8,180,190,05:04,04:48,15,15,1.09,7.9,8.6,240,05:04,--,0,--,--,"20,860",--,No,00:02.4,24,--,--,--,--,01:56:26,01:56:29,34,39
Running,19/12/2024 05:57,Tangerang - H3,10.83,655,00:56:37,149,177,3.7,164,190,05:14,03:31,16,13,1.13,8,8.9,251,05:14,--,0,--,--,"9,452",--,No,00:02.1,15,--,--,--,--,00:56:30,00:56:37,31,37
Running,17/12/2024 05:43,Tangerang Running,17.01,926,01:17:49,147,170,4.1,178,194,04:34,04:09,18,11,1.22,7.6,9.3,233,04:35,--,0,--,--,"13,796",--,No,00:01.9,18,--,--,--,--,01:17:47,01:21:22,30,40
Running,16/12/2024 05:40,Tangerang Running,15.01,892,01:24:27,139,149,3.4,180,190,05:38,05:24,14,13,0.99,8.4,8.3,249,05:38,--,0,--,--,"15,084",--,No,00:02.1,16,--,--,--,--,01:24:24,01:24:27,33,39
Running,14/12/2024 05:07,Tangerang Running,22.01,"1,341",01:50:54,156,170,4.9,180,190,05:02,04:36,31,32,1.1,7.9,8.7,239,05:03,--,0,--,--,"19,866",--,No,00:02.9,23,--,--,--,--,01:50:49,01:50:54,34,46
Running,12/12/2024 05:48,Tangerang - H3,11.04,680,01:00:57,148,170,3.5,169,185,05:31,03:43,19,17,1.05,8.3,8.6,249,05:32,--,0,--,--,"10,392",--,No,00:02.4,15,--,--,--,--,01:00:51,01:00:57,32,40
Running,10/12/2024 05:42,Tangerang Running,16.01,934,01:13:15,159,170,5,181,192,04:35,04:18,19,18,1.21,7.5,9,230,04:35,--,0,--,--,"13,136",--,No,00:02.0,17,--,--,--,--,01:13:11,01:13:15,32,41
Running,09/12/2024 05:38,Tangerang Running,14.01,853,01:18:50,142,151,3.4,180,189,05:38,05:19,13,16,0.98,8.3,8.2,248,05:38,--,0,--,--,"14,144",--,No,00:02.1,15,--,--,--,--,01:18:46,01:18:50,34,41
Running,07/12/2024 05:18,Tangerang Running,21.01,"1,257",01:45:55,152,163,4.6,178,188,05:02,04:47,20,20,1.11,8,8.9,241,05:03,--,0,--,--,"18,774",--,No,00:02.9,22,--,--,--,--,01:45:50,01:46:06,34,45
Running,05/12/2024 05:53,Tangerang - H3,11.01,654,01:01:09,140,163,3.3,171,188,05:33,03:44,14,14,1.03,8.3,8.4,248,05:34,--,0,--,--,"10,504",--,No,00:02.7,15,--,--,--,--,01:01:02,01:01:09,31,38
Running,03/12/2024 06:01,Tangerang Running,15.01,833,01:08:40,152,168,4.3,180,190,04:34,04:24,12,30,1.21,7.5,9,230,04:35,--,0,--,--,"12,314",--,No,00:02.6,16,--,--,--,--,01:08:35,01:08:40,34,38
Running,02/12/2024 05:48,Tangerang Running,13.01,775,01:12:54,141,149,3.3,183,199,05:36,05:17,12,14,0.97,8.2,8,245,05:37,--,0,--,--,"13,196",--,No,00:02.6,14,--,--,--,--,01:12:48,01:12:54,31,42
Running,30/11/2024 05:18,Tangerang Running,20.01,"1,215",01:41:50,154,169,4.7,176,187,05:05,04:41,15,17,1.11,8.1,9,245,05:06,--,0,--,--,"17,846",--,No,00:02.9,21,--,--,--,--,01:41:45,01:42:12,34,43
Running,28/11/2024 05:55,Tangerang - H3,11.02,638,01:01:01,138,174,3.2,170,214,05:32,03:50,13,13,1.04,8.3,8.5,250,05:33,--,0,--,--,"10,508",--,No,00:01.9,15,--,--,--,--,01:00:57,01:01:01,34,39
Running,26/11/2024 05:57,Tangerang Running,14.01,815,01:04:26,160,172,4.9,179,186,04:36,04:28,13,14,1.21,7.6,9.1,232,04:36,--,0,--,--,"11,484",--,No,00:02.6,15,--,--,--,--,01:04:24,01:04:26,31,37
Running,25/11/2024 05:46,Tangerang Running,12.01,729,01:07:37,143,162,3.3,179,186,05:38,05:29,12,13,0.98,8.4,8.2,248,05:38,--,0,--,--,"12,088",--,No,00:02.3,13,--,--,--,--,01:07:34,01:07:37,26,34
Running,23/11/2024 05:08,Tangerang Running,20.01,"1,183",01:41:55,151,161,4.4,178,190,05:06,04:43,15,18,1.1,8,8.8,243,05:06,--,0,--,--,"18,014",--,No,00:01.8,21,--,--,--,--,01:41:48,01:42:09,34,42
Running,21/11/2024 05:59,Tangerang - H3,11.03,655,01:01:18,143,177,3.3,170,186,05:33,03:34,15,15,1.03,8.3,8.4,249,05:34,--,0,--,--,"10,556",--,No,00:02.4,15,--,--,--,--,01:01:15,01:01:18,34,39
Running,19/11/2024 06:07,Tangerang Running,13.01,767,01:00:00,163,173,4.8,179,186,04:37,04:25,13,14,1.2,7.5,9.1,232,04:37,--,0,--,--,"10,708",--,No,00:03.0,14,--,--,--,--,00:59:57,01:00:00,34,40
Running,18/11/2024 05:53,Tangerang Running,11.01,668,01:02:29,141,152,3.2,180,188,05:40,05:17,6,8,0.97,8.4,8.1,248,05:41,--,0,--,--,"11,232",--,No,00:02.9,12,--,--,--,--,01:02:25,01:02:29,34,39
Running,16/11/2024 05:30,Tangerang Running,19.01,"1,180",01:35:51,161,179,5,182,191,05:02,04:15,16,17,1.08,7.8,8.5,237,05:03,--,0,--,--,"17,340",--,No,00:03.0,20,--,--,--,--,01:35:46,01:35:51,29,35
Running,14/11/2024 05:58,Tangerang - H3,11.02,650,01:01:35,140,173,3.3,171,188,05:35,03:44,14,15,1.02,8.3,8.3,252,05:36,--,0,--,--,"10,674",--,No,00:02.7,15,--,--,--,--,01:01:33,01:01:35,34,42
Running,12/11/2024 06:08,Tangerang Running,12.01,674,00:55:03,155,174,4.3,178,196,04:35,04:28,17,15,1.22,7.6,9.2,233,04:36,--,0,--,--,"9,766",--,No,00:02.7,13,--,--,--,--,00:54:57,00:55:03,32,40
Running,11/11/2024 05:50,Tangerang Running,10.01,594,00:56:11,142,153,3.1,180,188,05:37,05:20,12,10,0.98,8.3,8.2,247,05:38,--,0,--,--,"10,060",--,No,00:02.7,11,--,--,--,--,00:56:06,00:56:11,32,39
Running,10/11/2024 05:39,Tangerang Running,18.01,"1,060",01:30:58,151,168,4.4,181,189,05:03,04:33,10,11,1.09,7.8,8.5,238,05:03,--,0,--,--,"16,394",--,No,00:03.0,19,--,--,--,--,01:30:51,01:30:58,26,33
Running,08/11/2024 05:57,Tangerang - H3,11,650,01:03:05,141,177,3.3,170,190,05:44,03:38,14,13,1,8.5,8.3,261,05:46,--,0,--,--,"10,840",--,No,00:02.3,15,--,--,--,--,01:03:02,01:03:05,32,38
Running,06/11/2024 05:53,Tangerang Running,11.01,665,00:51:06,169,177,4.7,179,186,04:38,04:12,6,10,1.2,7.6,9.1,233,04:39,--,0,--,--,"9,118",--,No,00:02.5,12,--,--,--,--,00:51:02,00:51:06,32,39
Running,04/11/2024 05:51,Tangerang Running,9.01,544,00:50:53,142,148,3.1,179,188,05:39,04:55,4,6,0.98,8.4,8.2,249,05:40,--,0,--,--,"9,076",--,No,00:03.0,10,--,--,--,--,00:50:49,00:50:53,31,38
Running,03/11/2024 05:31,Tangerang Running,20.85,"1,265",01:36:01,170,181,5,179,192,04:36,04:11,27,29,1.21,7.5,9.1,232,04:36,--,0,--,--,"17,182",--,No,03:41.2,21,--,--,--,--,01:35:55,01:36:01,32,43
Running,01/11/2024 05:54,Tangerang - H3,11.49,654,01:08:04,134,157,3,176,188,05:56,03:53,11,12,0.95,8.9,8.2,255,05:57,--,0,--,--,"11,934",--,No,00:02.3,15,--,--,--,--,01:08:00,01:08:04,32,39
Running,30/10/2024 05:58,Tangerang Running,10.01,602,00:47:00,165,176,4.4,177,184,04:42,04:27,6,8,1.2,7.7,9.2,236,04:42,--,0,--,--,"8,306",--,No,00:03.0,11,--,--,--,--,00:46:57,00:47:00,34,39
Running,28/10/2024 05:54,Tangerang - H1,8.01,477,00:45:45,138,145,3,177,184,05:43,05:19,6,8,0.98,8.5,8.3,251,05:44,--,0,--,--,"8,112",--,No,00:02.9,9,--,--,--,--,00:45:42,00:45:45,33,39
Running,27/10/2024 05:46,Tangerang - Run Workout,7.71,459,00:40:41,151,190,3.8,176,186,05:16,03:53,6,10,1.08,8.4,8.7,246,05:17,--,0,--,--,"7,140",--,No,01:07.6,9,--,--,--,--,00:40:38,00:40:41,33,40
Running,26/10/2024 05:35,Tangerang Running,18.01,"1,060",01:36:18,145,170,4,179,194,05:21,04:14,11,14,1.03,8.1,8.4,244,05:22,--,0,--,--,"17,230",--,No,00:02.0,19,--,--,--,--,01:36:11,01:37:40,28,34
Running,24/10/2024 05:54,Tangerang Running,10.01,610,00:55:27,147,177,3.6,174,184,05:32,04:07,3,9,1.02,8.5,8.6,250,05:33,--,0,--,--,"9,732",--,No,00:02.9,11,--,--,--,--,00:55:24,00:55:27,36,42
Running,22/10/2024 06:13,Tangerang Running,7.23,435,00:47:59,125,138,2.4,174,183,06:38,05:41,5,8,0.85,9.2,7.9,263,06:40,--,0,--,--,"8,398",--,No,01:25.1,8,--,--,--,--,00:47:53,00:48:23,35,41
Running,21/10/2024 05:46,Tangerang - Run Workout,11.15,622,00:59:11,145,169,3.6,177,186,05:19,03:50,10,12,1.06,8.4,8.6,246,05:19,--,0,--,--,"10,438",--,No,00:02.5,13,--,--,--,--,00:59:07,00:59:11,33,41
Running,20/10/2024 05:03,Tangerang Running,16.01,944,01:26:50,145,153,3.9,179,197,05:25,04:31,4,6,1.02,8.2,8.4,245,05:26,--,0,--,--,"15,502",--,No,00:02.8,17,--,--,--,--,01:26:43,01:28:22,37,43
Running,17/10/2024 05:51,Tangerang Running,8.01,476,00:43:02,144,170,3.5,178,186,05:22,04:16,8,21,1.04,8.2,8.5,245,05:23,--,0,--,--,"7,658",--,No,00:03.0,9,--,--,--,--,00:42:59,00:43:02,33,40
Running,15/10/2024 06:17,Tangerang Running,7.23,441,00:49:23,132,144,2.4,175,182,06:50,04:53,12,11,0.83,9.4,7.7,265,06:51,--,0,--,--,"8,666",--,No,01:29.6,8,--,--,--,--,00:49:19,00:49:46,32,40
Running,14/10/2024 05:54,Tangerang - Run Workout,11.01,662,00:58:49,148,163,3.8,178,184,05:21,04:36,8,9,1.04,8.2,8.5,245,05:21,--,0,--,--,"10,478",--,No,00:02.5,12,--,--,--,--,00:58:46,00:58:49,34,39
Running,12/10/2024 05:37,Tangerang Running,15.01,904,01:23:34,145,169,3.8,174,188,05:34,03:51,12,14,1.02,8.5,8.8,253,05:36,--,0,--,--,"14,532",--,No,00:02.9,16,--,--,--,--,01:23:28,01:26:09,32,42
Running,11/10/2024 05:59,Tangerang Running,10.01,584,00:54:58,142,163,3.6,176,183,05:29,04:10,8,11,1.03,8.4,8.7,250,05:30,--,0,--,--,"9,652",--,No,00:03.5,11,--,--,--,--,00:54:53,00:54:58,33,38
Running,08/10/2024 06:10,Tangerang Running,7.2,425,00:35:50,153,173,3.7,181,207,04:59,03:04,6,10,1.1,7.8,8.5,237,05:01,--,0,--,--,"6,460",--,No,00:40.5,8,--,--,--,--,00:35:47,00:36:12,33,40
Running,07/10/2024 06:11,Tangerang - Run Workout,10.01,599,00:57:07,144,164,3.5,175,183,05:42,04:39,6,6,1,8.6,8.6,254,05:43,--,0,--,--,"9,978",--,No,00:02.9,11,--,--,--,--,00:57:04,00:57:07,35,39
Running,05/10/2024 05:51,Tangerang Running,14.01,821,01:15:48,146,154,3.7,178,188,05:25,04:38,7,8,1.03,8.2,8.4,246,05:25,--,0,--,--,"13,534",--,No,00:03.4,15,--,--,--,--,01:15:44,01:17:05,34,39
Running,03/10/2024 06:08,Tangerang - Run Workout,8.01,476,00:42:24,149,173,3.6,176,184,05:18,04:16,4,6,1.07,8.2,8.8,247,05:18,--,0,--,--,"7,464",--,No,00:03.1,9,--,--,--,--,00:42:21,00:42:24,34,38
Running,30/09/2024 06:04,Tangerang - Run Workout,8.25,465,00:45:26,138,168,3.2,176,190,05:30,03:33,4,5,1.03,8.5,8.5,249,05:29,--,0,--,--,"7,976",--,No,00:00.7,22,--,--,--,--,00:45:21,00:45:26,35,39
Running,28/09/2024 05:39,Tangerang Running,12.01,754,01:07:16,153,173,3.7,178,184,05:36,04:30,8,8,1,8.4,8.4,249,05:37,--,0,--,--,"11,946",--,No,00:03.3,13,--,--,--,--,01:07:13,01:07:16,34,38
Running,24/09/2024 06:15,Tangerang Running,10.01,648,01:04:12,148,156,3.1,177,184,06:25,05:18,12,13,0.88,9,7.9,259,06:25,--,0,--,--,"11,356",--,No,00:02.4,11,--,--,--,--,01:04:04,01:04:30,33,40
Running,15/09/2024 06:06,Sydney Running,42.77,"2,691",03:49:13,161,186,5,182,198,05:22,03:16,375,505,1.02,8,8.2,241,05:21,--,0,--,--,"41,418",--,No,03:52.9,43,--,--,--,--,03:47:50,03:49:13,-17,121
Running,11/09/2024 06:13,Tangerang - W14-D4,8.01,499,00:45:04,150,178,3.4,181,190,05:38,04:15,6,5,0.97,8.3,8,246,05:37,--,0,--,--,"8,134",--,No,00:02.6,9,--,--,--,--,00:45:02,00:45:10,35,39
Running,10/09/2024 06:09,Tangerang Running,7.25,472,00:48:14,142,151,2.6,177,186,06:39,06:12,8,11,0.84,9.2,7.7,261,06:40,--,0,--,--,"8,534",--,No,01:41.1,8,--,--,--,--,00:48:12,00:48:14,33,39
Running,09/09/2024 05:53,Tangerang - W14-D2,9.55,562,00:52:31,150,170,3.4,179,189,05:30,03:57,5,5,1.01,8.4,8.3,247,05:31,--,0,--,--,"9,348",--,No,00:02.7,11,--,--,--,--,00:52:28,00:52:31,33,37
Running,07/09/2024 05:43,Tangerang - W14-D1,16.01,974,01:25:16,151,172,3.9,181,200,05:19,04:29,14,14,1.03,8.1,8.3,242,05:21,--,0,--,--,"15,370",--,No,00:02.5,17,--,--,--,--,01:25:09,01:27:03,33,41
Running,05/09/2024 05:56,Tangerang - W13-D4,11,681,00:58:05,155,178,4,180,188,05:17,04:13,6,8,1.05,8.1,8.4,242,05:17,--,0,--,--,"10,432",--,No,00:01.0,12,--,--,--,--,00:58:02,00:58:05,34,38
Running,02/09/2024 06:01,Tangerang - W13-D2,11.51,692,01:01:20,157,186,4.1,178,188,05:20,04:02,6,7,1.05,8.3,8.5,245,05:20,--,0,--,--,"10,872",--,No,00:02.9,13,--,--,--,--,01:01:13,01:01:20,34,38
Running,31/08/2024 05:37,Tangerang - W13-D1,24.01,"1,428",02:07:39,148,172,4.3,179,194,05:19,04:10,29,30,1.04,8.1,8.5,244,05:20,--,0,--,--,"22,822",--,No,00:02.3,25,--,--,--,--,02:07:29,02:08:50,34,40
Running,29/08/2024 05:52,Tangerang - W12-D4,12.01,710,01:04:08,144,170,3.7,177,186,05:20,04:01,11,8,1.05,8.3,8.6,246,05:20,--,0,--,--,"11,354",--,No,00:02.9,13,--,--,--,--,01:04:06,01:04:08,35,39
Running,27/08/2024 06:08,Tangerang Running,7.2,428,00:46:32,124,130,2.3,181,192,06:28,05:54,12,10,0.85,8.9,7.6,256,06:28,--,0,--,--,"8,364",--,No,01:21.2,8,--,--,--,--,00:46:30,00:46:32,35,40
Running,26/08/2024 05:51,Tangerang Running,13.51,743,01:09:18,146,163,3.7,176,186,05:08,03:58,11,11,1.1,8.2,8.8,244,05:08,--,0,--,--,"12,190",--,No,00:00.8,17,--,--,--,--,01:09:15,01:09:18,33,39
Running,24/08/2024 04:38,Tangerang - W12-D1,35.01,"2,022",03:07:37,148,172,4.9,177,192,05:22,03:45,28,20,1.04,8.2,8.6,246,05:22,--,0,--,--,"33,256",--,No,00:03.2,36,--,--,--,--,03:07:21,03:18:59,35,44
Running,21/08/2024 05:40,Tangerang - W11-D3,17.01,"1,011",01:31:41,148,173,4.1,180,187,05:23,04:07,13,11,1.02,8.2,8.3,244,05:24,--,0,--,--,"16,458",--,No,00:02.7,18,--,--,--,--,01:31:37,01:31:41,35,40
Running,20/08/2024 06:13,Tangerang Running,8.34,498,00:54:54,127,137,2.4,177,183,06:35,04:56,9,7,0.85,9.1,7.8,261,06:36,--,0,--,--,"9,708",--,No,02:08.6,9,--,--,--,--,00:54:54,00:54:59,35,41
Running,18/08/2024 06:00,Tangerang Running,10.07,618,00:41:23,183,192,5,179,192,04:07,03:50,10,9,1.35,7.1,9.6,221,04:07,--,0,--,--,"7,372",--,No,00:14.6,11,--,--,--,--,00:41:21,00:41:23,27,33
Running,16/08/2024 05:58,Tangerang - W10-D4,12.01,733,01:05:57,145,168,3.8,178,188,05:29,04:13,11,11,1.02,8.3,8.4,247,05:30,--,0,--,--,"11,716",--,No,00:02.6,13,--,--,--,--,01:05:52,01:06:08,35,44
Running,13/08/2024 06:10,Tangerang Running,8.36,502,00:56:19,124,132,2.4,176,184,06:44,05:49,8,7,0.83,9.2,7.7,262,06:45,--,0,--,--,"9,952",--,No,02:21.8,9,--,--,--,--,00:56:16,00:56:39,36,42
Running,12/08/2024 06:01,Tangerang - W10-D2,13.01,752,01:06:01,148,165,4,179,200,05:05,03:38,12,8,1.1,8,8.6,240,05:05,--,0,--,--,"11,784",--,No,00:02.9,14,--,--,--,--,01:05:58,01:06:09,36,40
Running,10/08/2024 04:59,Tangerang - W10-D1,30.01,"1,798",02:41:23,152,179,4.8,177,192,05:23,04:16,22,17,1.05,8.3,8.7,248,05:23,--,0,--,--,"28,426",--,No,00:03.4,31,--,--,--,--,02:41:12,02:53:28,36,43
Running,08/08/2024 06:07,Tangerang - W9-D4,12.01,736,01:04:35,149,173,3.8,180,191,05:23,03:53,4,4,1.02,8.1,8.3,244,05:23,--,0,--,--,"11,590",--,No,00:03.4,13,--,--,--,--,01:04:32,01:04:35,37,41
Running,07/08/2024 05:59,Tangerang Running,6.26,375,00:44:38,124,133,2.1,179,188,07:08,05:42,5,2,0.78,9.3,7.3,262,07:08,--,0,--,--,"7,988",--,No,01:53.4,7,--,--,--,--,00:44:36,00:45:12,30,33
Running,06/08/2024 05:56,Tangerang - W9-D2,16.01,972,01:21:46,159,184,5,176,188,05:06,03:36,12,17,1.11,8.1,8.9,244,05:07,--,0,--,--,"14,368",--,No,00:03.2,17,--,--,--,--,01:21:40,01:21:46,36,41
Running,04/08/2024 04:41,Tangerang - W9-D1,21.01,"1,272",01:53:59,150,173,4.3,176,187,05:26,04:53,10,13,1.04,8.3,8.7,249,05:26,--,0,--,--,"20,036",--,No,00:02.2,22,--,--,--,--,01:53:51,01:59:46,31,34
Running,01/08/2024 05:47,Tangerang - W8-D4,12.01,718,01:05:26,143,163,3.7,178,186,05:27,04:00,11,5,1.03,8.3,8.5,247,05:27,--,0,--,--,"11,604",--,No,00:02.1,13,--,--,--,--,01:05:23,01:05:36,29,35
Running,30/07/2024 06:10,Tangerang Running,8.38,500,00:55:27,126,133,2.4,178,185,06:37,05:46,10,9,0.84,9.1,7.7,260,06:37,--,0,--,--,"9,860",--,No,02:32.9,9,--,--,--,--,00:55:24,00:55:27,35,40
Running,29/07/2024 06:00,Tangerang - W8-D2,13.01,759,01:05:21,153,178,4.3,180,188,05:01,03:45,8,5,1.1,7.9,8.6,239,05:02,--,0,--,--,"11,698",--,No,00:02.8,14,--,--,--,--,01:05:17,01:05:21,36,40
Running,27/07/2024 05:34,Tangerang - W8-D1,28.01,"1,649",02:31:06,149,167,4.7,176,200,05:24,04:39,17,17,1.05,8.3,8.7,248,05:25,--,0,--,--,"26,598",--,No,00:02.5,29,--,--,--,--,02:30:53,02:33:50,30,35
Running,25/07/2024 05:52,Tangerang - W7-D4,12.01,728,01:05:15,149,175,3.9,180,188,05:26,04:10,10,6,1.02,8.2,8.3,245,05:26,--,0,--,--,"11,694",--,No,00:02.8,13,--,--,--,--,01:05:12,01:05:15,29,35
Running,23/07/2024 06:15,Tangerang Running,8.01,471,00:53:45,123,131,2.3,176,183,06:43,05:26,9,7,0.84,9.3,7.8,263,06:43,--,0,--,--,"9,454",--,No,00:02.4,9,--,--,--,--,00:53:43,00:53:45,36,44
Running,22/07/2024 05:56,Tangerang - W7-D2,13.01,769,01:06:13,158,185,4.5,177,186,05:05,03:38,7,9,1.11,8.1,8.9,243,05:06,--,0,--,--,"11,664",--,No,00:02.5,14,--,--,--,--,01:06:07,01:06:13,35,40
Running,20/07/2024 04:44,Tangerang - W7-D1,24.01,"1,435",02:10:31,149,157,4.5,176,186,05:26,04:33,13,9,1.04,8.4,8.7,249,05:27,--,0,--,--,"22,918",--,No,00:04.3,25,--,--,--,--,02:10:19,02:14:35,36,43
Running,19/07/2024 06:15,Tangerang Running,7.76,466,00:54:56,129,139,2.3,177,185,07:05,06:27,9,5,0.8,9.5,7.5,266,07:05,--,0,--,--,"9,686",--,No,05:20.6,8,--,--,--,--,00:54:55,00:54:56,37,44
Running,18/07/2024 05:59,Tangerang - W6-D4,12.01,738,01:05:45,152,178,4,179,189,05:29,04:06,5,5,1.02,8.3,8.4,247,05:28,--,0,--,--,"11,726",--,No,00:03.1,13,--,--,--,--,01:05:41,01:05:45,30,33
Running,16/07/2024 06:12,Tangerang Running,5.17,302,00:40:01,129,135,1.7,173,179,07:45,05:40,5,4,0.74,10.1,7.5,275,07:45,--,0,--,--,"6,898",--,No,01:17.2,6,--,--,--,--,00:40:00,00:40:01,29,33
Running,15/07/2024 06:04,Tangerang - W6-D2,9.93,599,00:49:36,159,190,4.6,176,194,05:00,03:48,10,9,1.13,8,8.9,240,05:00,--,0,--,--,"8,754",--,No,00:03.3,11,--,--,--,--,00:49:29,00:50:28,30,33
Running,13/07/2024 05:24,Tangerang - W6-D1,20.01,"1,232",01:46:35,149,175,4.6,182,194,05:20,04:09,14,9,1.03,8,8.2,241,05:20,--,0,--,--,"19,312",--,No,00:02.8,21,--,--,--,--,01:46:27,01:48:49,25,31
Running,11/07/2024 05:59,Tangerang - W5-D4,10.01,599,00:52:56,144,171,3.7,180,188,05:17,04:17,7,6,1.05,8.1,8.5,243,05:18,--,0,--,--,"9,468",--,No,00:03.7,11,--,--,--,--,00:52:51,00:52:56,29,33
Running,09/07/2024 06:20,Tangerang Running,7.77,481,00:54:03,132,138,2.4,176,183,06:58,06:26,7,4,0.81,9.4,7.6,265,06:58,--,0,--,--,"9,512",--,No,05:23.3,8,--,--,--,--,00:54:02,00:54:03,36,44
Running,08/07/2024 06:10,Tangerang - W5-D2,13.01,768,01:10:43,144,173,3.8,178,185,05:26,03:44,7,5,1.03,8.3,8.5,247,05:27,--,0,--,--,"12,538",--,No,00:03.3,14,--,--,--,--,01:10:41,01:10:43,36,40
Running,05/07/2024 05:32,Tangerang - W5-D1,20.01,"1,170",01:47:27,143,151,4.2,179,200,05:22,04:29,8,9,1.03,8.2,8.4,245,05:23,--,0,--,--,"19,186",--,No,00:01.6,21,--,--,--,--,01:47:17,01:50:19,37,41
Running,04/07/2024 05:49,Tangerang - W4-D4,10.02,601,00:53:15,145,168,3.8,177,188,05:19,03:53,7,6,1.06,8.3,8.7,247,05:20,--,0,--,--,"9,404",--,No,00:03.6,11,--,--,--,--,00:53:10,00:53:15,36,41
Running,03/07/2024 06:19,Tangerang Running,5.56,325,00:41:30,121,126,2,174,186,07:28,07:05,3,4,0.77,9.8,7.6,273,07:29,--,0,--,--,"7,194",--,No,04:13.8,6,--,--,--,--,00:41:27,00:41:30,37,40
Running,02/07/2024 05:48,Tangerang - W4-D2,13.01,781,01:10:50,149,171,4.1,177,186,05:27,03:59,9,7,1.03,8.4,8.6,249,05:27,--,0,--,--,"12,486",--,No,00:02.4,14,--,--,--,--,01:10:45,01:10:50,36,40
Running,29/06/2024 05:46,Tangerang - W4-D1,16.01,972,01:25:17,150,177,4.3,178,194,05:20,04:23,7,30,1.04,8.1,8.5,245,05:20,--,0,--,--,"15,200",--,No,00:02.8,17,--,--,--,--,01:25:07,01:27:24,36,40
Running,28/06/2024 06:20,Tangerang Running,7.77,466,00:55:31,125,145,2.3,174,179,07:09,06:00,10,6,0.8,9.6,7.7,269,07:10,--,0,--,--,"9,632",--,No,05:01.5,8,--,--,--,--,00:55:26,00:57:24,36,45
Running,27/06/2024 06:15,Tangerang Running,10.01,610,01:08:41,127,137,2.6,177,185,06:52,05:38,9,7,0.82,9.3,7.6,264,06:52,--,0,--,--,"12,108",--,No,00:02.0,11,--,--,--,--,01:08:38,01:08:58,37,45
Running,26/06/2024 06:08,Tangerang Running,5.5,336,00:29:51,144,152,3.1,175,188,05:26,05:00,4,3,1.05,8.4,8.8,250,05:26,--,0,--,--,"5,220",--,No,02:41.3,6,--,--,--,--,00:29:49,00:29:51,35,38
Running,23/06/2024 04:30,Tangerang Running,42.5,"2,617",03:46:35,157,178,5,179,190,05:20,04:40,111,108,1.04,8.2,8.5,245,05:20,--,0,--,--,"40,466",--,No,02:25.6,43,--,--,--,--,03:46:25,03:46:35,24,70
Running,23/06/2024 03:28,Tangerang Running,0.86,52,05:23.3,127,135,0.9,172,179,06:15,04:16,3,--,0.94,8.9,8.3,258,06:08,--,0,--,--,942,--,No,05:23.3,1,--,--,--,--,00:05:19,00:05:23,37,40
Running,20/06/2024 06:18,Tangerang - W14-D4,6.02,353,00:32:00,141,172,3.2,175,184,05:19,04:06,3,3,1.06,8.3,8.8,248,05:20,--,0,--,--,"5,600",--,No,00:04.8,7,--,--,--,--,00:31:58,00:32:00,35,39
Running,19/06/2024 06:04,Tangerang Running,5.51,323,00:40:45,119,124,2,175,181,07:24,06:16,6,32,0.77,9.7,7.5,269,07:24,--,0,--,--,"7,130",--,No,03:40.7,6,--,--,--,--,00:40:42,00:40:45,33,38
Running,18/06/2024 06:07,Tangerang - W14-D2,9.58,560,00:52:30,147,181,3.8,176,186,05:29,03:49,6,4,1.03,8.5,8.5,249,05:29,--,0,--,--,"9,250",--,No,00:02.5,11,--,--,--,--,00:52:26,00:52:30,36,39
Running,16/06/2024 05:12,Tangerang - W14-D1,16.02,979,01:25:04,152,168,4.3,177,188,05:19,04:25,14,13,1.05,8.2,8.7,246,05:20,--,0,--,--,"15,054",--,No,00:03.8,17,--,--,--,--,01:24:58,01:28:36,36,44
Running,13/06/2024 06:17,Tangerang Running,10.01,603,00:51:44,150,174,4,178,231,05:10,04:13,10,5,1.08,8.1,8.7,243,05:11,--,0,--,--,"9,164",--,No,00:02.9,11,--,--,--,--,00:51:39,00:51:53,36,42
Running,11/06/2024 06:07,Tangerang Running,5.5,321,00:40:20,119,125,2,174,179,07:20,06:37,4,31,0.78,9.7,7.6,270,07:21,--,0,--,--,"7,020",--,No,03:42.0,6,--,--,--,--,00:40:18,00:40:20,35,40
Running,10/06/2024 06:03,Tangerang - W13-D2,11.58,697,01:02:05,154,179,4.3,176,188,05:22,04:10,7,6,1.05,8.4,8.6,247,05:23,--,0,--,--,"10,944",--,No,00:03.1,13,--,--,--,--,01:01:59,01:02:22,36,39
Running,08/06/2024 05:07,Tangerang - W13-D1,24.01,"1,414",02:08:42,146,173,4.4,179,188,05:22,04:22,17,18,1.03,8.2,8.4,245,05:22,--,0,--,--,"23,002",--,No,00:03.0,25,--,--,--,--,02:08:34,02:12:58,36,44
Running,07/06/2024 06:15,Tangerang Running,7.01,420,00:49:41,124,131,2.2,178,187,07:06,05:52,4,3,0.79,9.4,7.4,264,07:05,--,0,--,--,"8,836",--,No,00:02.4,8,--,--,--,--,00:49:39,00:49:41,35,40
Treadmill Running,05/06/2024 19:37,Treadmill Running,10.1,600,00:51:55,152,166,3.7,173,179,05:08,05:01,--,--,1.05,8.5,9,253,--,--,0,--,--,"8,952",--,No,02:14.7,10,--,--,--,--,00:51:38,00:52:29,--,--
Treadmill Running,04/06/2024 06:09,Treadmill Running,3,197,00:17:46,143,163,2.6,170,181,05:55,04:30,--,--,1.09,8.5,9.2,254,--,--,0,--,--,"3,022",--,No,01:15.4,4,--,--,--,--,00:17:32,00:17:46,--,--
Running,01/06/2024 05:30,Tangerang - W12-D1,30.21,"1,799",02:39:01,152,178,5,178,200,05:16,04:14,73,73,1.06,8.1,8.6,245,05:17,--,0,--,--,"28,252",--,No,00:01.0,32,--,--,--,--,02:38:46,02:40:39,24,39
Running,30/05/2024 06:07,Tangerang - W11-D4,17.01,"1,047",01:33:22,152,179,4.7,176,187,05:29,04:16,11,11,1.03,8.4,8.6,250,05:30,--,0,--,--,"16,410",--,No,00:02.2,18,--,--,--,--,01:33:18,01:33:22,35,39
Running,28/05/2024 06:19,Tangerang Running,6.02,353,00:45:05,122,132,2,171,176,07:30,05:39,4,3,0.78,10,7.8,276,07:31,--,0,--,--,"7,702",--,No,00:07.2,7,--,--,--,--,00:45:02,00:45:05,36,41
Running,27/05/2024 05:50,Tangerang - W11-D2,16.01,953,01:20:57,157,183,4.9,176,184,05:03,03:43,11,10,1.12,8.1,9,243,05:04,--,0,--,--,"14,216",--,No,00:03.0,17,--,--,--,--,01:20:51,01:20:57,35,40
Running,25/05/2024 04:33,Tangerang - W11- D1,28.01,"1,633",02:32:06,145,156,4.6,175,194,05:26,04:23,18,37,1.04,8.4,8.8,250,05:27,--,0,--,--,"26,636",--,No,00:02.8,29,--,--,--,--,02:31:53,02:36:31,36,44
Running,23/05/2024 06:26,Tangerang - W10-D4,12.01,724,01:06:13,146,172,3.8,177,183,05:31,04:13,7,6,1.02,8.4,8.6,250,05:31,--,0,--,--,"11,652",--,No,00:02.8,13,--,--,--,--,01:06:07,01:06:13,34,40
Running,21/05/2024 06:26,Tangerang - W10-D3,6.35,377,00:45:03,123,130,2.1,172,177,07:06,05:33,4,2,0.82,9.7,7.9,271,07:06,--,0,--,--,"7,726",--,No,00:02.7,8,--,--,--,--,00:45:00,00:45:13,36,39
Treadmill Running,20/05/2024 06:05,Treadmill Running,13,763,01:07:06,156,179,4.6,175,184,05:10,03:10,--,--,1.12,8.1,9.1,245,--,--,0,--,--,"11,740",--,No,01:14.6,14,--,--,--,--,01:07:02,01:07:06,--,--
Running,18/05/2024 05:12,Tangerang - W10-D1,30.02,"1,760",02:42:18,150,175,5,174,187,05:24,04:09,17,15,1.06,8.4,9,252,05:25,--,0,--,--,"28,100",--,No,00:04.6,31,--,--,--,--,02:42:05,02:50:01,35,43
Running,16/05/2024 06:12,Tangerang - W9-D4,14.01,843,01:18:14,146,175,4.1,175,181,05:35,04:02,11,32,1.02,8.6,8.7,253,05:35,--,0,--,--,"13,648",--,No,00:02.6,15,--,--,--,--,01:18:09,01:18:14,35,39
Running,14/05/2024 06:10,Tangerang - W9-D3,6.42,386,00:45:03,124,131,2.2,175,181,07:01,06:17,9,4,0.81,9.5,7.7,268,07:00,--,0,--,--,"7,848",--,No,00:02.6,8,--,--,--,--,00:45:00,00:45:03,30,40
Running,13/05/2024 05:45,Tangerang - W9-D2,16.01,973,01:22:46,160,184,5,172,181,05:10,03:41,11,10,1.12,8.4,9.3,250,05:10,--,0,--,--,"14,190",--,No,00:02.3,17,--,--,--,--,01:22:42,01:22:53,34,39
Running,11/05/2024 05:45,Tangerang - W9-D1,28.01,"1,721",02:31:02,154,167,5,175,188,05:24,04:34,16,42,1.06,8.4,8.8,250,05:24,--,0,--,--,"26,354",--,No,00:02.7,29,--,--,--,--,02:30:48,02:38:42,28,34
Running,09/05/2024 05:51,Tangerang - W8-D4,12.01,728,01:06:38,147,172,3.9,174,181,05:33,04:13,7,33,1.04,8.6,8.8,254,05:33,--,0,--,--,"11,526",--,No,00:03.7,13,--,--,--,--,01:06:34,01:06:38,35,39
Running,07/05/2024 06:08,Tangerang - W8-D3,5.79,334,00:45:03,125,131,1.9,168,173,07:47,05:52,7,5,0.77,10.3,7.9,283,07:48,--,0,--,--,"7,532",--,No,00:03.1,7,--,--,--,--,00:45:00,00:45:03,35,39
Treadmill Running,06/05/2024 06:12,Treadmill Running,13,812,01:07:25,161,182,5,173,183,05:11,03:08,--,--,1.05,8.6,8.9,254,--,--,0,--,--,"11,594",--,No,02:06.6,13,--,--,--,--,01:07:13,01:07:25,--,--
Running,04/05/2024 05:55,Tangerang Running,11.01,676,01:00:07,149,163,3.7,171,184,05:28,04:19,9,6,1.07,8.6,9.2,256,05:28,--,0,--,--,"10,280",--,No,00:01.6,12,--,--,--,--,00:59:58,01:03:25,35,39
Treadmill Running,02/05/2024 07:12,Treadmill Running,12,732,01:07:55,153,176,4.1,173,181,05:40,04:09,--,--,1.05,8.6,9,254,--,--,0,--,--,"11,688",--,No,01:55.4,13,--,--,--,--,01:07:40,01:07:55,--,--
Running,30/04/2024 06:18,Tangerang - W7-D3,5.79,336,00:45:03,123,130,1.9,172,179,07:47,06:28,4,4,0.75,10.1,7.5,277,07:48,--,0,--,--,"7,720",--,No,00:03.2,7,--,--,--,--,00:45:00,00:45:10,35,39
Treadmill Running,29/04/2024 06:05,Treadmill Running,13,727,01:06:31,152,169,3.9,178,189,05:07,03:14,--,--,1.32,7.2,9.5,224,--,327,0,323,424,"11,818",--,No,03:26.2,16,--,--,--,--,01:06:16,01:06:31,--,--
Running,27/04/2024 05:35,Tangerang - W7-D1,24.01,"1,469",02:10:19,153,170,4.8,176,187,05:26,04:29,15,14,1.04,8.3,8.6,248,05:26,--,0,--,--,"22,990",--,No,00:03.6,25,--,--,--,--,02:10:08,02:14:57,35,44
Running,25/04/2024 05:55,Tangerang - W6-D4,12.01,721,01:06:54,147,168,3.9,173,183,05:34,04:12,8,9,1.04,8.7,8.9,255,05:35,--,0,--,--,"11,512",--,No,00:03.3,13,--,--,--,--,01:06:50,01:06:54,35,39
Running,23/04/2024 06:11,Tangerang - W6-D3,6.15,360,00:45:03,123,135,2.1,174,180,07:19,06:13,4,3,0.78,9.7,7.6,270,07:21,--,0,--,--,"7,848",--,No,00:03.5,8,--,--,--,--,00:45:00,00:45:03,34,38
Running,22/04/2024 06:09,Tangerang - W6-D2,10.79,562,00:55:31,140,165,3.2,176,183,05:09,04:04,7,8,1.1,8.2,8.9,245,05:09,--,0,--,--,"9,732",--,No,00:03.3,12,--,--,--,--,00:55:28,00:55:32,36,42
Running,20/04/2024 05:57,Tangerang - W6-D1,20.01,"1,162",01:47:49,146,160,4.1,178,188,05:23,04:23,12,12,1.04,8.2,8.5,246,05:24,--,0,--,--,"19,160",--,No,00:02.6,21,--,--,--,--,01:47:40,01:53:03,34,39
Running,18/04/2024 06:15,Tangerang - W5-D4,10.01,601,00:53:08,150,175,3.9,180,190,05:18,04:06,5,5,1.04,8.1,8.5,244,05:19,--,0,--,--,"9,520",--,No,00:02.5,11,--,--,--,--,00:53:05,00:53:08,35,39
Running,16/04/2024 06:09,Tangerang - W5-D3,6.65,390,00:45:05,122,130,2.3,175,181,06:47,05:30,5,2,0.84,9.3,7.8,265,06:47,--,0,--,--,"7,892",--,No,00:04.9,8,--,--,--,--,00:45:03,00:45:05,29,33
Running,15/04/2024 05:51,Tangerang - W5-D2,13.01,774,01:10:43,148,172,4.1,175,184,05:26,04:01,11,6,1.04,8.4,8.7,250,05:27,--,0,--,--,"12,384",--,No,00:03.0,14,--,--,--,--,01:10:34,01:10:50,28,34
Running,13/04/2024 05:14,Tangerang - W5-D1,20.01,"1,161",01:47:34,148,160,4.3,178,214,05:22,04:12,15,15,1.04,8.2,8.5,246,05:23,--,0,--,--,"19,126",--,No,00:03.3,21,--,--,--,--,01:47:25,01:51:43,29,35
Running,11/04/2024 06:05,Tangerang - W4-D4,10.02,576,00:53:09,146,170,3.7,176,183,05:18,04:14,5,7,1.07,8.3,8.8,248,05:19,--,0,--,--,"9,304",--,No,00:04.4,11,--,--,--,--,00:53:07,00:53:09,37,41
Running,09/04/2024 06:16,Tangerang - W4-D3,6.35,372,00:45:02,123,131,2.2,175,181,07:06,06:38,6,4,0.81,9.6,7.7,268,07:06,--,0,--,--,"7,838",--,No,00:02.3,8,--,--,--,--,00:45:01,00:45:02,36,40
Running,08/04/2024 05:48,Tangerang - W4-D2,13.01,755,01:11:01,146,166,3.9,173,186,05:27,04:11,8,6,1.06,8.6,9,253,05:28,--,0,--,--,"12,252",--,No,00:04.2,14,--,--,--,--,01:10:53,01:11:01,36,41
Running,06/04/2024 05:34,Tangerang - W4-D1,18.01,"1,016",01:37:17,146,157,4.1,177,186,05:24,04:47,13,10,1.04,8.3,8.6,247,05:25,--,0,--,--,"17,218",--,No,00:03.4,19,--,--,--,--,01:37:06,01:42:40,36,43
Running,04/04/2024 06:02,Tangerang - W3-D4,10.01,595,00:57:56,144,166,3.6,177,185,05:47,04:39,10,6,0.97,8.6,8.4,253,05:48,--,0,--,--,"10,206",--,No,00:03.4,11,--,--,--,--,00:57:52,00:57:56,36,45
Running,02/04/2024 06:13,Tangerang - W3-D3,6.32,367,00:45:03,123,129,2.3,175,181,07:08,06:38,6,5,0.8,9.6,7.6,268,07:09,--,0,--,--,"7,882",--,No,00:02.8,8,--,--,--,--,00:44:58,00:45:03,36,40
Running,01/04/2024 05:57,Tangerang - W3-D2,13.01,758,01:12:39,148,163,4.2,175,181,05:35,04:36,11,10,1.02,8.6,8.7,253,05:36,--,0,--,--,"12,664",--,No,00:02.4,14,--,--,--,--,01:12:36,01:12:39,35,40
Running,30/03/2024 05:41,Tangerang - W3-D1,16.01,933,01:29:02,150,162,4.1,175,181,05:34,05:10,13,10,1.02,8.5,8.7,252,05:34,--,0,--,--,"15,580",--,No,00:03.5,17,--,--,--,--,01:28:56,01:30:11,35,42
Running,28/03/2024 05:46,Tangerang - W2-D4,14.01,808,01:25:34,138,156,3.5,178,185,06:06,05:12,14,10,0.91,8.8,8,255,06:07,--,0,--,--,"15,196",--,No,00:03.7,15,--,--,--,--,01:25:29,01:25:34,35,44
Running,26/03/2024 05:59,Tangerang - W2-D3,6.84,392,00:45:03,127,134,2.5,176,184,06:35,06:15,3,26,0.86,9.2,7.9,262,06:36,--,0,--,--,"7,922",--,No,00:02.7,8,--,--,--,--,00:45:01,00:45:03,29,31
Running,25/03/2024 05:59,Tangerang - W2-D2,6.6,375,00:39:36,139,165,3,176,200,06:00,02:35,7,3,0.93,8.9,8.1,256,06:01,--,0,--,--,"6,888",--,No,00:02.7,25,--,--,--,--,00:39:30,00:39:36,35,39
Running,23/03/2024 05:25,Tangerang Running,14.01,787,01:17:11,148,157,3.9,176,187,05:31,04:52,5,5,1.02,8.4,8.6,250,05:31,--,0,--,--,"13,574",--,No,00:03.4,15,--,--,--,--,01:17:05,01:17:55,29,32
Running,21/03/2024 06:04,Tangerang Running,10.01,546,00:55:50,143,152,3.4,178,184,05:35,05:04,5,3,1,8.4,8.4,249,05:35,256,0,254,292,"9,922",--,No,00:03.8,11,--,--,--,--,00:55:48,00:55:50,33,39
Running,09/03/2024 05:20,Tangerang Running,11.46,490,01:07:29,138,156,--,178,184,05:53,05:01,85,83,0.96,--,--,--,--,--,0,--,--,"12,014",--,No,02:31.2,12,--,--,--,--,01:07:24,01:07:43,26,36
Running,03/03/2024 09:12,Shinjuku Ward - Tokyo Marathon,42.99,"2,728",03:30:04,176,210,5,183,198,04:53,03:20,86,105,1.12,7.6,8.5,233,04:53,--,0,--,--,"38,260",--,No,04:12.6,43,--,--,--,--,03:29:53,03:30:08,2,35
Running,01/03/2024 20:51,Shinjuku Ward Running,5.01,325,00:30:47,145,182,2.7,177,191,06:09,03:59,17,14,0.91,8.7,7.9,254,06:08,--,0,--,--,"5,466",--,No,00:02.5,6,--,--,--,--,00:30:41,00:33:56,29,37
Treadmill Running,28/02/2024 06:10,Treadmill Running,6.01,352,00:32:17,148,171,3.1,174,182,05:22,05:05,--,--,0.85,9.3,7.9,264,--,--,0,--,--,"5,622",--,No,04:52.2,5,--,--,--,--,00:32:09,00:32:17,--,--
Running,27/02/2024 05:41,Tangerang - W14-D3,6.12,386,00:42:04,139,168,2.4,176,188,06:52,04:43,4,2,0.82,9.3,7.6,264,06:53,--,0,--,--,"7,398",--,No,00:04.0,13,--,--,--,--,00:42:01,00:42:04,36,39
Running,26/02/2024 05:48,Tangerang - W14-D2,9.54,559,00:50:53,151,201,3.6,176,190,05:20,04:00,5,3,1.05,8.3,8.5,245,05:21,--,0,--,--,"9,018",--,No,00:02.7,11,--,--,--,--,00:50:49,00:51:14,36,39
Running,24/02/2024 05:09,Tangerang - W14-D1,16.02,938,01:23:42,148,168,3.7,178,186,05:14,03:55,11,27,1.07,8.1,8.7,244,05:14,--,0,--,--,"14,852",--,No,00:03.9,17,--,--,--,--,01:23:38,01:25:06,35,44
Running,22/02/2024 06:04,Tangerang - W13-D4,10.01,590,00:51:11,148,171,3.6,178,190,05:07,04:05,10,17,1.09,8,8.6,241,05:07,--,0,--,--,"9,112",--,No,00:03.1,11,--,--,--,--,00:51:08,00:51:11,36,45
Running,20/02/2024 06:01,Tangerang Running,6.14,401,00:40:01,138,171,2.7,177,187,06:31,05:13,4,4,0.85,9,7.7,258,06:33,--,0,--,--,"7,124",--,No,00:51.7,7,--,--,--,--,00:39:58,00:41:13,34,38
Running,19/02/2024 05:57,Tangerang - W13-D2,11.57,669,01:00:29,149,178,3.7,175,188,05:14,04:02,8,17,1.09,8.2,8.8,245,05:14,--,0,--,--,"10,606",--,No,00:03.1,13,--,--,--,--,01:00:25,01:00:37,36,40
Running,17/02/2024 05:18,Tangerang - W13-D1,24.01,"1,392",02:07:22,147,172,4.2,180,189,05:18,04:05,14,12,1.04,8.1,8.4,243,05:19,--,0,--,--,"22,826",--,No,00:03.2,25,--,--,--,--,02:07:16,02:12:38,35,39
Running,15/02/2024 05:54,Tangerang - W12-D4,10.01,594,00:51:43,149,173,3.6,177,187,05:10,04:08,8,6,1.08,8,8.7,243,05:11,--,0,--,--,"9,172",--,No,00:04.8,11,--,--,--,--,00:51:39,00:51:43,34,38
Running,13/02/2024 05:50,Tangerang - W12-D2,13.54,791,01:07:55,157,190,4.5,175,191,05:01,03:44,8,9,1.13,8.1,8.9,242,05:02,--,0,--,--,"11,890",--,No,00:03.3,15,--,--,--,--,01:07:52,01:08:18,34,38
Running,11/02/2024 05:49,Tangerang Running,6.07,353,00:40:23,118,128,2.1,174,182,06:39,05:39,5,4,0.86,9.3,8,265,06:40,--,0,--,--,"7,028",--,No,00:26.3,7,--,--,--,--,00:40:21,00:40:23,35,38
Running,09/02/2024 03:34,Tangerang - W12-D1,33.01,"1,933",02:56:07,143,172,4.8,177,187,05:20,04:06,16,16,1.05,8.2,8.7,246,05:21,--,0,--,--,"31,096",--,No,00:02.9,34,--,--,--,--,02:55:57,03:04:02,35,41
Running,07/02/2024 05:27,Tangerang - W11-D4,17.01,997,01:31:00,146,171,3.9,177,188,05:21,04:06,12,9,1.05,8.2,8.6,246,05:21,--,0,--,--,"16,122",--,No,00:03.1,18,--,--,--,--,01:30:55,01:31:00,34,38
Treadmill Running,06/02/2024 06:23,Treadmill Running,5.61,317,00:40:15,126,132,2,176,186,07:10,06:23,--,--,0.77,9.6,7.4,267,--,--,0,--,--,"7,100",--,No,03:17.2,6,--,--,--,--,00:40:14,00:40:15,--,--
Running,05/02/2024 06:07,Tangerang Running,16,938,01:19:40,155,183,4.4,175,184,04:59,03:41,13,10,1.14,8.1,9.1,243,04:59,--,0,--,--,"13,902",--,No,00:00.9,17,--,--,--,--,01:19:35,01:19:48,35,40
Running,03/02/2024 05:46,Tangerang Running,28.01,"1,683",02:31:19,154,165,4.6,176,194,05:24,04:30,17,15,1.05,8.3,8.7,249,05:25,--,0,--,--,"26,556",--,No,00:03.2,29,--,--,--,--,02:31:08,02:37:24,34,42
Running,01/02/2024 05:54,Tangerang - W10-D4,12.01,739,01:06:47,152,179,3.8,172,180,05:34,04:14,9,7,1.04,8.6,8.9,255,05:34,--,0,--,--,"11,492",--,No,00:03.2,13,--,--,--,--,01:06:43,01:06:47,36,43
Treadmill Running,30/01/2024 06:48,Treadmill Running,5.31,296,00:40:14,123,128,1.6,172,178,07:35,05:31,--,--,0.97,8.9,8.6,261,--,--,0,--,--,"6,898",--,No,03:53.4,7,--,--,--,--,00:39:58,00:40:14,--,--
Running,29/01/2024 05:42,Tangerang - W10-D2,13.01,763,01:05:36,154,184,4,172,182,05:03,03:39,9,18,1.15,8.2,9.3,247,05:03,--,0,--,--,"11,322",--,No,00:02.0,14,--,--,--,--,01:05:33,01:05:44,34,38
Running,27/01/2024 04:45,Tangerang - W10-D1,30.01,"1,786",02:42:16,152,172,4.8,173,192,05:24,04:37,17,16,1.07,8.5,9,253,05:25,--,0,--,--,"27,982",--,No,00:02.7,31,--,--,--,--,02:42:06,02:45:57,34,42
Running,24/01/2024 05:30,Tangerang - W9-D4,14.01,835,01:17:11,146,165,3.6,174,183,05:31,04:15,3,6,1.04,8.5,8.8,252,05:31,--,0,--,--,"13,430",--,No,00:02.8,15,--,--,--,--,01:17:07,01:17:11,35,38
Running,23/01/2024 06:13,Tangerang - W9-D3,5.66,338,00:40:02,128,153,2.1,174,180,07:05,05:28,8,8,0.81,9.6,7.7,269,07:05,--,0,--,--,"6,964",--,No,00:02.5,7,--,--,--,--,00:39:59,00:40:02,34,38
Running,22/01/2024 05:34,Tangerang - W9-D2,16.01,939,01:19:39,156,178,4.4,172,183,04:59,03:49,10,9,1.17,8.2,9.5,247,04:59,--,0,--,--,"13,644",--,No,00:03.2,17,--,--,--,--,01:19:28,01:19:46,35,39
Running,20/01/2024 04:09,Tangerang - W9-D1,28.01,"1,650",02:31:20,150,162,4.5,172,182,05:24,05:05,11,13,1.07,8.5,9.1,254,05:25,--,0,--,--,"25,966",--,No,00:03.2,29,--,--,--,--,02:31:09,02:34:23,34,40
Running,18/01/2024 05:57,Tangerang - W8-D4,12.01,723,01:05:41,148,179,3.7,172,181,05:28,04:16,7,18,1.05,8.5,8.9,253,05:29,--,0,--,--,"11,342",--,No,00:02.3,13,--,--,--,--,01:05:37,01:05:41,33,39
Running,16/01/2024 06:22,Tangerang - W8-D3,6.06,355,00:40:02,123,140,2.1,176,184,06:37,05:24,4,2,0.86,9.2,7.9,263,06:37,--,0,--,--,"7,028",--,No,00:01.8,8,--,--,--,--,00:40:00,00:40:02,36,40
Running,15/01/2024 05:49,Tangerang - W8-D2,13.01,770,01:05:27,158,183,4.3,171,181,05:02,03:45,9,10,1.16,8.3,9.5,249,05:02,--,0,--,--,"11,144",--,No,00:02.8,14,--,--,--,--,01:05:20,01:05:27,33,43
Running,13/01/2024 04:05,Tangerang - W8-D1,28.01,"1,631",02:31:19,148,161,4.5,176,225,05:24,04:12,14,12,1.05,8.3,8.7,249,05:25,--,0,--,--,"26,564",--,No,00:01.3,29,--,--,--,--,02:31:09,02:40:09,34,40
Running,11/01/2024 05:55,Tangerang - W7-D4,12.01,710,01:05:18,146,170,3.6,175,182,05:26,04:15,6,19,1.04,8.4,8.7,249,05:27,--,0,--,--,"11,442",--,No,00:02.5,13,--,--,--,--,01:05:15,01:05:18,33,38
Running,09/01/2024 06:07,Tangerang - W7-D3,6.06,363,00:40:02,126,146,2.2,173,181,06:36,05:32,8,3,0.87,9.3,8.1,266,06:37,--,0,--,--,"6,924",--,No,00:02.1,8,--,--,--,--,00:40:00,00:40:02,31,38
Running,08/01/2024 05:39,Tangerang - W7-D2,13.01,769,01:05:26,157,182,4.3,175,188,05:02,03:43,7,6,1.13,8.1,9,243,05:03,--,0,--,--,"11,450",--,No,00:02.3,14,--,--,--,--,01:05:20,01:06:06,35,40
Running,06/01/2024 05:31,Tangerang - W7-D1,24.01,"1,411",02:10:03,148,159,4.2,177,188,05:25,04:35,15,12,1.04,8.3,8.6,247,05:26,--,0,--,--,"23,004",--,No,00:02.3,25,--,--,--,--,02:09:56,02:12:44,35,39
Running,04/01/2024 06:35,Tangerang - W7-D4,12.01,721,01:05:56,148,175,3.7,173,181,05:29,04:14,8,11,1.05,8.5,8.9,253,05:30,--,0,--,--,"11,414",--,No,00:02.1,13,--,--,--,--,01:05:52,01:05:56,34,40
Running,02/01/2024 06:06,Tangerang - W7-D3,6.09,364,00:40:02,126,133,2.2,173,179,06:34,05:58,5,4,0.88,9.3,8.2,266,06:35,--,0,--,--,"6,900",--,No,00:02.1,8,--,--,--,--,00:40:00,00:40:02,33,39
Running,01/01/2024 06:22,Tangerang - W7-D2,13,769,01:06:48,156,184,4.2,172,182,05:08,03:44,7,8,1.13,8.3,9.3,249,05:09,--,0,--,--,"11,440",--,No,00:01.7,14,--,--,--,--,01:06:43,01:06:48,34,38
Running,30/12/2023 05:23,Tangerang - W7-D1,22.01,"1,299",01:59:42,149,157,4.1,178,188,05:26,04:41,9,5,1.03,8.3,8.5,247,05:27,--,0,--,--,"21,232",--,No,00:03.7,23,--,--,--,--,01:59:34,02:01:15,35,39
Running,28/12/2023 05:40,Tangerang - W6-D4,12.01,718,01:06:01,146,173,3.6,176,184,05:30,04:17,4,6,1.03,8.4,8.6,249,05:30,--,0,--,--,"11,606",--,No,00:01.7,13,--,--,--,--,01:05:57,01:06:01,34,39
Running,26/12/2023 06:04,Tangerang - W6-D3,6.16,363,00:40:02,125,131,2.2,173,179,06:30,05:45,3,4,0.89,9.3,8.2,265,06:31,--,0,--,--,"6,898",--,No,00:02.5,8,--,--,--,--,00:40:00,00:40:02,35,39
Treadmill Running,25/12/2023 07:48,Treadmill Running,10.75,633,00:54:55,156,170,3.9,176,186,05:07,04:00,--,--,1.1,8.2,9,245,--,--,0,--,--,"9,602",--,No,03:39.8,11,--,--,--,--,00:54:45,00:54:55,--,--
Running,23/12/2023 05:27,Tangerang - W6-D1,20.01,"1,162",01:48:49,146,156,3.8,173,180,05:26,04:49,10,13,1.06,8.5,9,253,05:27,--,0,--,--,"18,776",--,No,00:02.8,21,--,--,--,--,01:48:44,01:56:24,35,42
Running,21/12/2023 05:58,Tangerang - W5-D4,10.01,589,00:53:18,146,167,3.5,171,182,05:19,04:09,6,5,1.09,8.5,9.3,254,05:20,--,0,--,--,"9,096",--,No,00:03.1,11,--,--,--,--,00:53:13,00:53:18,34,38
Running,19/12/2023 05:53,Tangerang - W5-D3,6.57,385,00:42:07,125,136,2.3,172,178,06:24,05:58,8,9,0.91,9.3,8.4,266,06:25,--,0,--,--,"7,204",--,No,01:42.8,8,--,--,--,--,00:42:05,00:42:07,35,39
Running,18/12/2023 05:51,Tangerang - W5-D2,13.01,763,01:09:41,148,169,3.7,174,184,05:21,04:15,8,7,1.06,8.3,8.8,249,05:22,--,0,--,--,"12,184",--,No,00:02.7,14,--,--,--,--,01:09:35,01:09:41,35,38
Running,16/12/2023 05:51,Tangerang - W5-D1,20.01,"1,172",01:49:36,147,159,4,174,184,05:29,04:37,10,14,1.04,8.5,8.8,252,05:29,--,0,--,--,"19,060",--,No,00:02.9,21,--,--,--,--,01:49:29,01:54:07,34,42
Running,14/12/2023 05:33,Tangerang - W4-D4,10.01,598,00:53:04,149,173,3.7,177,188,05:18,04:15,6,16,1.06,8.2,8.7,246,05:19,--,0,--,--,"9,364",--,No,00:01.9,11,--,--,--,--,00:53:01,00:53:04,35,39
Running,12/12/2023 06:01,Tangerang - W4-D3,5.91,353,00:40:02,127,134,2.2,172,178,06:46,06:20,3,3,0.86,9.5,8.1,269,06:47,--,0,--,--,"6,850",--,No,00:02.2,7,--,--,--,--,00:39:58,00:40:02,35,38
Running,11/12/2023 05:54,Tangerang - W4-D2,13.01,796,01:11:43,156,183,4,174,184,05:31,04:12,8,6,1.03,8.5,8.7,252,05:31,--,0,--,--,"12,478",--,No,00:03.1,14,--,--,--,--,01:11:39,01:11:43,35,40
Running,09/12/2023 06:03,Tangerang - W4-D1,18.01,"1,058",01:37:11,148,157,3.9,175,187,05:24,04:19,11,10,1.05,8.4,8.8,250,05:25,--,0,--,--,"16,968",--,No,00:02.0,19,--,--,--,--,01:37:02,01:40:04,35,44
Treadmill Running,07/12/2023 13:49,Treadmill Running,10.22,633,00:59:20,146,166,3.4,174,181,05:48,05:20,--,--,0.99,8.7,8.6,256,--,--,0,--,--,"10,288",--,No,01:12.5,11,--,--,--,--,00:59:16,00:59:20,--,--
Running,05/12/2023 06:02,Tangerang - W3-D3,6.4,383,00:40:02,133,140,2.5,180,186,06:16,05:49,3,3,0.88,8.8,7.8,255,06:16,--,0,--,--,"7,166",--,No,00:01.8,8,--,--,--,--,00:40:00,00:40:02,36,40
Treadmill Running,04/12/2023 05:58,Treadmill Running,13,890,01:13:15,163,178,4.8,174,196,05:38,04:25,--,--,0.98,8.7,8.6,256,--,--,0,--,--,"12,740",--,No,03:33.1,13,--,--,--,--,01:13:04,01:13:15,--,--
Running,02/12/2023 05:35,Tangerang - W3-D1,16.01,967,01:28:57,150,165,3.7,178,187,05:33,04:45,15,16,1.01,8.4,8.4,249,05:34,--,0,--,--,"15,746",--,No,00:02.2,17,--,--,--,--,01:28:50,01:33:14,33,42
Treadmill Running,30/11/2023 06:09,Treadmill Running,12,784,01:12:24,149,171,3.8,172,180,06:02,05:27,--,--,0.94,9.1,8.5,263,--,--,0,--,--,"12,418",--,No,04:14.2,12,--,--,--,--,01:12:14,01:12:24,--,--
Running,28/11/2023 05:56,Tangerang - W2-D3,5.73,341,00:40:03,127,141,2.1,175,181,06:59,04:50,1,2,0.81,9.5,7.7,267,07:00,--,0,--,--,"7,000",--,No,00:02.5,7,--,--,--,--,00:40:01,00:40:03,36,40
Running,27/11/2023 05:44,Tangerang - W2-D2,6.59,400,00:38:40,144,172,3,172,201,05:52,02:55,68,63,0.97,8.8,8.4,257,05:52,--,0,--,--,"6,648",--,No,00:03.5,25,--,--,--,--,00:38:36,00:38:40,33,46
Running,25/11/2023 05:52,Tangerang - W2-D1,14.01,877,01:18:20,154,165,3.9,177,187,05:35,04:36,11,9,1.01,8.4,8.5,250,05:36,--,0,--,--,"13,818",--,No,00:03.4,15,--,--,--,--,01:18:16,01:19:58,35,43
Running,23/11/2023 05:57,Tangerang - W1-D4,10.01,609,00:58:06,144,153,3.2,177,184,05:48,05:25,9,11,0.97,8.6,8.3,253,05:49,--,0,--,--,"10,250",--,No,00:02.1,11,--,--,--,--,00:58:03,00:58:06,36,45
Running,21/11/2023 05:43,Tangerang - W1-D3,7.94,467,00:49:05,132,158,2.5,175,184,06:11,04:12,13,10,0.91,8.9,8.1,258,06:11,--,0,--,--,"8,590",--,No,00:03.8,19,--,--,--,--,00:48:58,00:49:05,36,42
Running,20/11/2023 05:51,Tangerang - W1-D2,8.01,477,00:47:43,136,149,2.9,178,187,05:57,05:08,7,4,0.93,8.6,8,253,05:58,--,0,--,--,"8,504",--,No,00:02.7,9,--,--,--,--,00:47:40,00:47:43,36,41
Running,18/11/2023 05:47,Tangerang - W1-D1,8.85,523,01:00:02,127,133,2.4,175,181,06:47,05:50,10,16,0.84,9.3,7.8,264,06:47,--,0,--,--,"10,536",--,No,00:02.3,10,--,--,--,--,00:59:58,01:00:02,35,41
Running,14/11/2023 05:37,Tangerang Running,12.01,729,01:06:24,149,158,3.5,176,184,05:32,04:48,10,23,1.02,8.4,8.6,250,05:32,--,0,--,--,"11,660",--,No,00:02.2,13,--,--,--,--,01:06:19,01:06:29,34,43
Running,11/11/2023 06:01,Tangerang - Base,7.39,452,00:40:04,150,162,3.3,178,186,05:25,04:35,9,5,1.03,8.3,8.5,247,05:26,--,0,--,--,"7,096",--,No,00:04.1,9,--,--,--,--,00:40:02,00:40:04,36,41
Running,09/11/2023 05:55,Tangerang - Base,12.12,749,01:07:02,152,162,3.6,178,184,05:32,04:56,7,6,1.01,8.4,8.5,249,05:32,--,0,--,--,"11,884",--,No,00:02.3,14,--,--,--,--,01:06:59,01:07:02,34,39
Running,07/11/2023 05:40,Tangerang - VO2 Max,8.53,504,00:43:04,157,186,3.7,172,182,05:03,03:36,6,5,1.14,8.1,9.2,245,05:03,--,0,--,--,"7,442",--,No,00:03.8,14,--,--,--,--,00:43:02,00:43:04,36,39
Running,31/10/2023 05:41,Tangerang Running,8.2,484,00:43:05,153,191,3.7,175,181,05:15,04:15,5,5,1.09,8.3,8.9,248,05:15,--,0,--,--,"7,510",--,No,01:17.8,9,--,--,--,--,00:43:03,00:43:05,36,40
Running,28/10/2023 06:00,Tangerang - Base,8.25,485,00:42:46,148,158,3.4,181,188,05:11,04:48,5,3,1.06,7.9,8.4,240,05:12,--,0,--,--,"7,678",--,No,01:46.1,9,--,--,--,--,00:42:43,00:42:46,36,40
Running,25/10/2023 05:54,Tangerang - Run Workout,11.01,655,00:59:06,154,175,4,177,187,05:22,04:19,8,6,1.05,8.2,8.4,245,05:23,--,0,--,--,"10,520",--,No,00:04:00,12,--,--,--,--,00:59:04,00:59:06,36,40
Running,22/10/2023 05:36,Tangerang Running,10.01,611,00:57:40,147,157,3.2,180,188,05:46,05:19,10,5,0.96,8.4,8,249,05:46,--,0,--,--,"10,342",--,No,00:01.6,11,--,--,--,--,00:57:38,00:59:36,36,45
Running,19/10/2023 05:30,Tangerang Running,12.01,716,01:03:45,151,181,3.7,175,184,05:18,03:59,9,8,1.07,8.3,8.8,248,05:19,--,0,--,--,"11,164",--,No,00:01.8,13,--,--,--,--,01:03:40,01:04:50,38,45
Running,16/10/2023 06:05,Tangerang Running,10.15,599,00:56:32,143,152,3.2,179,187,05:34,05:07,8,7,1,8.3,8.3,248,05:35,--,0,--,--,"10,084",--,No,00:52.2,11,--,--,--,--,00:56:26,00:57:56,36,40
Running,14/10/2023 05:45,Tangerang Running,13.01,772,01:11:30,147,172,3.6,180,188,05:30,04:34,12,11,1,8.2,8.3,246,05:30,--,0,--,--,"12,834",--,No,00:02.8,14,--,--,--,--,01:11:24,01:12:22,36,40
Running,10/10/2023 05:39,Tangerang Running,10.01,591,00:53:30,147,156,3.4,182,195,05:21,04:41,9,7,1.02,8,8.2,241,05:21,--,0,--,--,"9,672",--,No,00:01.9,11,--,--,--,--,00:53:25,00:54:44,36,40
Running,02/10/2023 05:55,Tangerang Running,10.01,604,00:54:46,149,165,3.3,183,200,05:28,04:59,9,5,0.99,8.1,8,242,05:29,--,0,--,--,"9,984",--,No,00:03.2,11,--,--,--,--,00:54:43,00:55:04,36,40
Running,26/09/2023 06:50,Prague Running,4.15,240,00:47:57,89,151,1.3,106,250,11:33,04:17,42,33,0.74,8.8,6.4,280,11:18,--,0,--,--,"5,746",--,No,01:40.7,5,--,--,--,--,00:43:59,01:26:15,192,233
Running,24/09/2023 09:26,Berlin - Berlin Marathon,42.65,"2,488",03:29:39,164,196,5,184,210,04:55,03:21,58,58,1.11,7.5,8.3,232,04:54,--,0,--,--,"38,454",--,No,03:23.6,43,--,--,--,--,03:29:27,03:29:39,30,52
Running,23/09/2023 09:03,Berlin Running,2.18,112,00:12:53,113,136,1.3,173,230,05:54,03:49,--,1,0.96,8.2,7.8,245,05:55,--,0,--,--,"2,300",--,No,00:58.5,3,--,--,--,--,00:12:35,00:15:20,33,36
Running,23/09/2023 07:25,Berlin Running,2.25,119,00:12:48,122,147,1.6,170,200,05:42,03:41,--,1,1.01,8.2,8.2,244,05:40,--,0,--,--,"2,254",--,No,01:20.0,3,--,--,--,--,00:12:39,00:16:45,33,36
Running,20/09/2023 06:04,Tangerang - W20-D4,8.01,473,00:43:25,149,173,3.3,182,190,05:25,03:49,6,4,1,8.1,7.9,241,05:26,--,0,--,--,"7,932",--,No,00:01.9,9,--,--,--,--,00:43:20,00:43:36,34,38
Running,19/09/2023 06:26,Tangerang - W20-D3,5.87,348,00:40:01,126,137,2.1,181,200,06:49,04:52,2,--,0.8,9.1,7.3,258,06:52,--,0,--,--,"7,236",--,No,00:01.3,7,--,--,--,--,00:39:59,00:40:13,29,31
Treadmill Running,18/09/2023 06:58,Treadmill Running,7,411,00:38:49,147,167,3.1,184,192,05:33,03:47,--,--,1.02,7.9,8,238,--,--,0,--,--,"7,096",--,No,01:48.9,8,--,--,--,--,00:38:37,00:38:49,--,--
Running,16/09/2023 05:31,Tangerang - W20-D1,16.01,930,01:20:49,153,176,4.2,186,196,05:03,04:15,15,13,1.06,7.6,8.1,233,05:03,--,0,--,--,"14,990",--,No,00:03.3,17,--,--,--,--,01:20:44,01:20:49,37,41
Treadmill Running,14/09/2023 06:14,Treadmill Running,10,603,00:53:26,155,174,3.6,185,192,05:21,04:08,--,--,1.02,7.9,8,238,--,--,0,--,--,"9,832",--,No,00:15.5,11,--,--,--,--,00:53:23,00:53:26,--,--
Running,13/09/2023 05:47,Tangerang - W19-D3,5.8,355,00:40:01,131,154,2.1,178,188,06:54,05:30,6,3,0.81,9.3,7.5,262,06:55,--,0,--,--,"7,124",--,No,00:01.4,7,--,--,--,--,00:40:00,00:40:05,36,41
Treadmill Running,11/09/2023 06:01,Treadmill Running,10,591,00:52:50,154,168,3.5,185,192,05:17,05:01,--,--,0.9,8.4,7.5,246,--,--,0,--,--,"9,742",--,No,05:20.2,9,--,--,--,--,00:52:42,00:52:50,--,--
Running,09/09/2023 05:37,Tangerang - W19-D1,26.01,"1,516",02:17:19,151,168,4.4,185,195,05:17,04:40,36,28,1.01,7.8,7.9,237,05:17,--,0,--,--,"25,348",--,No,00:02.3,27,--,--,--,--,02:17:08,02:22:37,34,40
Running,07/09/2023 05:47,Tangerang - W18-D4,13.01,773,01:07:11,154,175,4.1,184,193,05:10,04:10,10,6,1.04,7.8,8.1,236,05:10,--,0,--,--,"12,340",--,No,00:00.9,15,--,--,--,--,01:07:07,01:07:11,36,40
Treadmill Running,05/09/2023 06:14,Treadmill Running,8,409,01:00:14,124,137,2,177,187,07:32,05:26,--,--,0.74,9.8,7.2,269,--,--,0,--,--,"10,642",--,No,06:42.0,8,--,--,--,--,01:00:04,01:00:14,--,--
Running,04/09/2023 05:37,Tangerang - W18-D2,16.01,956,01:21:11,157,173,4.4,185,199,05:04,04:12,11,11,1.06,7.7,8.1,235,05:05,--,0,--,--,"14,960",--,No,00:03.2,17,--,--,--,--,01:21:07,01:21:11,39,46
Running,02/09/2023 04:41,Tangerang Running,32.01,"1,816",02:32:00,160,179,5,183,215,04:45,03:56,29,23,1.14,7.5,8.6,231,04:46,--,0,--,--,"27,656",--,No,00:01.4,33,--,--,--,--,02:31:48,02:51:17,36,46
Running,30/08/2023 06:01,Tangerang - W17-D4,16.01,951,01:20:58,158,178,4.5,184,190,05:03,04:12,13,9,1.07,7.7,8.2,235,05:04,--,0,--,--,"14,832",--,No,00:02.9,17,--,--,--,--,01:20:53,01:20:58,36,45
Treadmill Running,29/08/2023 06:16,Treadmill Running,7.92,402,01:00:01,123,133,1.8,175,183,07:35,05:19,--,--,0.9,9,8.1,259,--,--,0,--,--,"10,500",--,No,03:43.8,10,--,--,--,--,00:59:58,01:00:01,--,--
Treadmill Running,28/08/2023 17:53,Treadmill Running,19,"1,117",01:37:30,161,175,4.6,179,186,05:08,04:24,--,--,0.9,8.8,7.9,254,--,--,0,--,--,"17,398",--,No,05:00.3,16,--,--,--,--,01:37:06,01:37:30,--,--
Running,26/08/2023 04:49,Tangerang - W17-D1,28.01,"1,635",02:30:59,149,176,4.4,179,191,05:23,04:18,21,21,1.03,8.2,8.4,245,05:24,--,0,--,--,"27,032",--,No,00:02.0,29,--,--,--,--,02:30:49,02:42:00,38,44
Treadmill Running,23/08/2023 07:09,Treadmill Running,18,"1,018",01:33:04,162,184,4.8,181,188,05:10,04:30,--,--,1.04,8.1,8.3,242,--,--,0,--,--,"16,702",--,No,03:41.6,18,--,34,16,42,01:32:43,01:33:04,--,--
Running,22/08/2023 05:45,Tangerang - W16-D3,8.11,470,01:00:03,124,141,2.1,176,194,07:24,06:21,7,55,0.76,9.7,7.4,268,07:25,--,0,--,--,"10,570",--,No,00:02.6,10,--,--,--,--,00:59:59,01:00:03,37,44
Running,21/08/2023 05:41,Tangerang - W16-D2,15.2,894,01:16:03,160,196,4.8,179,195,05:00,03:50,12,13,1.12,7.9,8.7,239,05:00,--,0,--,--,"13,532",--,No,00:02.4,17,--,--,--,--,01:15:58,01:16:03,37,45
Running,19/08/2023 03:22,Tangerang - W16-D1,28.01,"1,639",02:35:48,146,155,4.2,180,230,05:34,04:27,20,63,0.99,8.3,8.2,247,05:34,--,0,--,--,"27,912",--,No,00:02.6,29,--,--,--,--,02:35:35,02:39:29,37,43
Running,17/08/2023 05:42,Tangerang - W15-D4,16.01,912,01:19:58,150,190,4.6,182,194,05:00,03:54,28,14,1.09,7.8,8.4,235,05:00,--,0,--,--,"14,554",--,No,00:02.2,17,--,--,--,--,01:19:54,01:19:58,15,29
Treadmill Running,15/08/2023 17:18,Treadmill Running,7.53,459,01:00:01,130,137,2.1,174,187,07:58,05:00,--,--,0.84,9.4,7.8,266,--,--,0,--,--,"10,430",--,No,05:17.7,9,--,--,--,--,00:59:45,01:01:01,--,--
Running,14/08/2023 05:30,Tangerang - W15-D2,15.17,899,01:15:54,158,194,5,181,193,05:00,03:50,11,7,1.1,7.9,8.4,236,05:01,--,0,--,--,"13,688",--,No,00:01.6,17,--,--,--,--,01:15:48,01:15:54,36,44
Running,12/08/2023 05:05,Tangerang - W15-D1,30.01,"1,767",02:44:47,146,171,4.6,180,200,05:29,04:23,28,23,0.99,8.1,8.1,243,05:30,--,0,--,--,"29,914",--,No,00:02.4,31,--,--,--,--,02:44:39,02:47:24,36,46
Running,10/08/2023 05:34,Tangerang - W14-D4,14,837,01:10:33,156,182,4.7,184,194,05:02,04:00,15,11,1.07,7.7,8.2,235,05:02,--,0,--,--,"12,928",--,No,00:02.2,15,--,--,--,--,01:10:28,01:10:33,36,44
Running,08/08/2023 05:47,Tangerang - W14-D3,8.3,486,01:00:03,122,133,2.2,175,189,07:14,05:46,9,8,0.78,9.6,7.5,268,07:15,--,0,--,--,"10,528",--,No,00:02.6,10,--,--,--,--,00:59:57,01:00:25,38,42
Running,07/08/2023 05:44,Tangerang - W14-D2,15.26,889,01:15:45,154,172,4.5,182,192,04:58,04:07,13,8,1.1,7.8,8.5,235,04:58,--,0,--,--,"13,714",--,No,00:01.9,17,--,--,--,--,01:15:39,01:15:45,36,45
Running,05/08/2023 04:48,Tangerang - W14-D1,28.01,"1,679",02:51:03,136,164,4,180,196,06:06,04:59,23,60,0.9,8.6,7.8,252,06:07,--,0,--,--,"30,762",--,No,00:03.1,29,--,--,--,--,02:50:53,02:57:23,36,45
Running,03/08/2023 05:44,Tangerang - W13-D4,14.01,836,01:11:25,156,179,4.7,182,192,05:06,04:07,7,10,1.07,7.8,8.2,236,05:06,--,0,--,--,"13,016",--,No,00:02.2,15,--,--,--,--,01:11:21,01:11:25,37,42
Running,01/08/2023 06:19,Tangerang - W13-D3,5.92,349,00:40:01,122,130,2.1,179,193,06:46,05:14,3,--,0.82,9.2,7.5,260,06:47,--,0,--,--,"7,160",--,No,00:01.4,7,--,--,--,--,00:39:59,00:40:01,29,33
Running,31/07/2023 05:46,Tangerang - W13-D2,12.89,764,01:05:28,157,176,4.3,180,192,05:05,04:07,10,5,1.09,7.9,8.5,239,05:05,--,0,--,--,"11,758",--,No,00:02.0,15,--,--,--,--,01:05:24,01:05:28,36,42
Running,29/07/2023 04:50,Tangerang - W13-D1,28.01,"1,649",02:48:48,137,164,3.9,181,192,06:02,04:41,30,24,0.91,8.6,7.8,252,06:02,--,0,--,--,"30,342",--,No,00:01.4,29,--,--,--,--,02:48:37,02:54:11,36,46
Running,27/07/2023 05:43,Tangerang - W12-D4,14.01,831,01:10:34,156,177,4.7,180,188,05:02,04:01,11,6,1.1,7.9,8.6,238,05:02,--,0,--,--,"12,646",--,No,00:03.5,15,--,--,--,--,01:10:28,01:10:34,36,42
Running,25/07/2023 06:23,Tangerang - W12-D3,5.9,343,00:40:04,119,128,2.1,174,181,06:48,05:40,2,--,0.84,9.4,7.9,266,06:50,--,0,--,--,"6,964",--,No,00:04.2,7,--,--,--,--,00:40:01,00:40:04,28,31
Running,24/07/2023 05:40,Tangerang - W12-D2,12.94,739,01:05:14,150,170,4.1,176,188,05:02,04:04,12,55,1.12,8.1,8.9,242,05:03,--,0,--,--,"11,454",--,No,00:03.3,15,--,--,--,--,01:05:10,01:05:14,36,41
Running,22/07/2023 05:12,Tangerang - W12-D1,26.01,"1,561",02:42:57,138,154,3.8,177,200,06:16,05:25,68,105,0.9,8.9,8,258,06:16,--,0,--,--,"28,746",--,No,00:02.2,27,--,--,--,--,02:42:48,02:49:12,36,73
Treadmill Running,20/07/2023 05:59,Treadmill Running,12,796,01:04:31,165,189,5,175,188,05:23,03:55,--,--,1.09,8.3,8.9,247,--,--,0,--,--,"11,276",--,No,01:49.8,13,--,--,--,--,01:04:23,01:04:31,--,--
Running,19/07/2023 06:19,Tangerang - W11-D3,5.21,311,00:40:02,123,150,2,171,188,07:41,06:41,6,3,0.75,10,7.5,274,07:41,--,0,--,--,"6,878",--,No,00:02.0,7,--,--,--,--,00:39:57,00:41:00,28,35
Treadmill Running,18/07/2023 06:05,Treadmill Running,13,819,01:09:07,163,179,4.9,178,190,05:19,03:37,--,--,1.08,8.1,8.6,242,--,--,0,--,--,"12,278",--,No,01:48.4,14,--,--,--,--,01:08:49,01:09:37,--,--
Running,15/07/2023 04:40,Tangerang - W11-D1,24.01,"1,396",02:25:09,136,148,3.6,179,189,06:03,05:24,19,13,0.92,8.6,7.9,253,06:03,--,0,--,--,"25,986",--,No,00:02.0,25,--,--,--,--,02:24:57,02:35:30,36,45
Running,13/07/2023 05:37,Tangerang - W10-D4,12.01,724,01:02:44,156,189,4.7,179,190,05:13,03:55,8,6,1.06,8.1,8.5,243,05:14,--,0,--,--,"11,210",--,No,00:03.2,13,--,--,--,--,01:02:41,01:02:44,35,41
Running,11/07/2023 06:08,Tangerang - W10-D3,5.41,316,00:40:02,119,158,2,171,181,07:24,06:44,3,48,0.79,9.9,7.8,274,07:23,--,0,--,--,"6,854",--,No,00:02.2,7,--,--,--,--,00:40:01,00:40:09,29,32
Treadmill Running,10/07/2023 06:06,Treadmill Running,13,801,01:09:49,159,177,4.6,179,190,05:22,03:58,--,--,1,8.4,8.3,248,--,--,0,--,--,"12,416",--,No,03:02.7,13,--,--,--,--,01:09:34,01:09:49,--,--
Running,08/07/2023 05:06,Tangerang - W10-D1,22.01,"1,299",02:15:01,136,148,3.6,181,190,06:08,05:14,18,19,0.9,8.7,7.8,253,06:09,--,0,--,--,"24,228",--,No,00:03.2,23,--,--,--,--,02:14:54,02:17:01,38,43
Running,06/07/2023 05:55,Tangerang - W9-D4,12.01,721,01:02:07,157,184,4.6,178,187,05:10,04:05,9,5,1.09,8.1,8.7,243,05:10,--,0,--,--,"10,992",--,No,00:02.0,13,--,--,--,--,01:02:04,01:02:07,36,42
Running,04/07/2023 06:41,Tangerang - W9-D3,6.01,355,00:34:58,134,145,2.7,173,181,05:49,04:54,1,--,0.98,8.8,8.6,257,05:52,--,0,--,--,"6,048",--,No,00:02.5,7,--,--,--,--,00:34:56,00:35:17,30,32
Treadmill Running,03/07/2023 06:12,Treadmill Running,10,636,00:54:30,157,177,4.2,176,182,05:27,04:04,--,--,0.98,8.6,8.4,254,--,242,0,239,355,"9,536",--,No,02:38.5,10,--,--,--,--,00:54:20,00:54:30,--,--
Running,01/07/2023 05:49,Tangerang - W9-D1,22.01,"1,310",02:12:54,140,159,3.8,177,184,06:02,05:14,19,10,0.92,8.7,8.1,254,06:03,--,0,--,--,"23,580",--,No,00:02.0,23,--,--,--,--,02:12:44,02:15:53,36,46
Running,29/06/2023 05:52,Tangerang - W8-D4,12.01,717,01:00:57,158,179,4.5,178,196,05:05,04:05,12,9,1.1,8,8.7,241,05:04,--,0,--,--,"10,824",--,No,00:03.3,13,--,--,--,--,01:00:52,01:00:57,36,45
Running,27/06/2023 06:04,Tangerang - W8-D3,6.01,354,00:35:07,133,141,2.6,173,181,05:51,04:34,3,--,0.98,8.8,8.6,258,05:52,--,0,--,--,"6,062",--,No,00:02.9,7,--,--,--,--,00:35:05,00:35:07,29,33
Running,26/06/2023 05:44,Tangerang - W8-D2,10.01,594,00:51:41,152,171,3.9,178,189,05:10,04:12,11,7,1.08,8,8.5,241,05:10,--,0,--,--,"9,234",--,No,00:02.7,11,--,--,--,--,00:51:38,00:51:41,36,46
Running,24/06/2023 05:09,Tangerang - W8-D1,20.01,"1,185",02:00:18,140,156,3.6,176,183,06:01,04:50,18,14,0.94,8.8,8.2,256,06:01,--,0,--,--,"21,156",--,No,00:02.7,21,--,--,--,--,02:00:10,02:03:03,37,47
Running,21/06/2023 05:57,Tangerang - W7-D4,12.01,707,01:00:15,156,180,4.5,176,190,05:01,04:03,10,7,1.12,8,8.9,242,05:01,--,0,--,--,"10,602",--,No,00:02.0,13,--,--,--,--,01:00:12,01:00:15,37,45
Running,20/06/2023 06:16,Tangerang - W7-D3,6.01,355,00:34:33,135,153,2.8,169,177,05:45,05:05,1,--,1.02,8.9,9.1,262,05:46,--,0,--,--,"5,834",--,No,00:01.8,7,--,--,--,--,00:34:31,00:34:33,28,30
Running,19/06/2023 05:40,Tangerang - W7-D2,10.01,594,00:50:45,157,181,4.3,175,188,05:04,04:08,9,9,1.11,8.1,8.9,244,05:06,--,0,--,--,"8,896",--,No,00:01.3,11,--,--,--,--,00:50:41,00:52:32,36,45
Running,17/06/2023 05:09,Tangerang - W7-D1,18.01,"1,070",01:49:21,134,146,3.5,175,196,06:04,05:15,13,11,0.94,8.9,8.3,258,06:05,--,0,--,--,"19,084",--,No,00:01.7,19,--,--,--,--,01:49:14,01:51:03,35,44
Treadmill Running,16/06/2023 14:09,Treadmill Running,7.85,497,00:44:17,154,175,3.7,174,181,05:39,03:26,--,--,1.35,7.4,9.9,228,--,330,0,322,414,"7,658",--,No,02:02.4,11,--,--,--,--,00:43:54,00:44:17,--,--
Running,15/06/2023 05:59,Tangerang - W6-D3,6.01,363,00:35:56,136,144,2.7,174,178,05:59,05:09,2,59,0.96,8.9,8.5,259,06:00,--,0,--,--,"6,208",--,No,00:01.7,7,--,--,--,--,00:35:54,00:35:56,29,31
Running,14/06/2023 06:01,Tangerang - W6-D2,10.59,648,01:00:02,144,171,3.7,178,187,05:40,02:41,20,9,0.98,8.4,8.2,249,05:41,--,0,--,--,"10,686",--,No,00:01.6,14,--,--,--,--,00:59:58,01:00:02,15,28
Running,13/06/2023 05:49,Tangerang Running,6.01,367,00:36:11,139,154,2.7,172,182,06:01,04:42,3,4,0.96,8.9,8.6,261,06:03,--,0,--,--,"6,216",--,No,00:02.4,7,--,--,--,--,00:36:09,00:36:41,28,33
Running,11/06/2023 06:00,Tangerang Running,10.01,623,00:42:47,183,190,5,170,187,04:16,03:51,16,59,1.38,7.6,10.5,236,04:16,--,0,--,--,"7,192",--,No,00:02.1,11,--,--,--,--,00:42:43,00:42:47,36,44
Running,09/06/2023 05:59,Tangerang - W5-D4,6.49,385,00:40:01,132,148,2.5,172,181,06:10,04:54,9,5,0.94,9.1,8.5,263,06:10,--,0,--,--,"6,858",--,No,00:01.4,8,--,--,--,--,00:40:00,00:40:24,29,37
Running,08/06/2023 05:51,Tangerang - W5-D3,8.01,475,00:41:39,152,174,3.6,178,192,05:12,04:05,11,7,1.07,8.1,8.5,242,05:14,--,0,--,--,"7,404",--,No,00:03.2,9,--,--,--,--,00:41:35,00:42:20,36,45
Running,06/06/2023 05:55,Tangerang - W5-D2,6.01,373,00:36:23,140,150,2.8,172,179,06:04,05:44,5,5,0.95,9,8.6,261,06:04,--,0,--,--,"6,240",--,No,00:02.9,7,--,--,--,--,00:36:23,00:36:23,28,33
Running,03/06/2023 05:47,Tangerang - W5-D1,16.01,948,01:36:12,139,146,3.4,178,190,06:01,04:16,13,13,0.93,8.7,8.1,254,06:01,--,0,--,--,"17,072",--,No,00:01.8,17,--,--,--,--,01:36:05,01:40:12,29,39
Running,01/06/2023 05:35,Tangerang - W4-D4,12.01,725,01:03:15,152,173,4.3,177,184,05:16,04:12,8,9,1.06,8.2,8.6,244,05:16,--,0,--,--,"11,174",--,No,00:03.7,13,--,--,--,--,01:03:12,01:03:15,36,41
Running,31/05/2023 05:47,Tangerang - W4-D3,6.01,373,00:36:55,139,148,2.7,174,187,06:08,05:15,8,6,0.93,8.9,8.3,260,06:10,--,0,--,--,"6,418",--,No,00:05.3,7,--,--,--,--,00:36:54,00:36:55,29,35
Running,30/05/2023 05:51,Tangerang - W4-D2,8.01,481,00:42:12,153,177,3.7,174,184,05:16,04:03,4,8,1.08,8.4,8.9,249,05:17,--,0,--,--,"7,320",--,No,00:03.7,9,--,--,--,--,00:42:10,00:42:12,27,32
Running,27/05/2023 05:43,Tangerang - W4-D1,16,976,01:42:08,139,163,3.3,173,180,06:23,05:27,13,9,0.9,9.1,8.2,263,06:23,--,0,--,--,"17,668",--,No,00:00.8,18,--,--,--,--,01:41:59,01:43:10,36,46
Running,25/05/2023 05:41,Tangerang - W3-D4,12.01,729,01:03:02,155,176,4.3,176,188,05:15,04:18,8,8,1.08,--,--,--,05:15,--,0,--,--,"11,082",--,No,00:03.4,13,--,--,--,--,01:02:58,01:03:02,34,41
Running,23/05/2023 05:47,Tangerang - W3-D3,6.01,371,00:36:39,136,145,2.7,176,181,06:06,05:42,6,5,0.93,--,--,--,06:07,--,0,--,--,"6,422",--,No,00:01.1,7,--,--,--,--,00:36:35,00:36:39,34,37
Running,22/05/2023 05:50,Tangerang - W3-D2,8.01,481,00:41:43,153,171,3.6,178,188,05:13,04:25,7,7,1.08,--,--,--,05:13,--,0,--,--,"7,414",--,No,00:02.1,9,--,--,--,--,00:41:41,00:41:43,34,40
Running,20/05/2023 05:51,Tangerang - W3-D1,16.01,949,01:39:09,135,145,3.3,176,188,06:12,05:18,17,16,0.92,--,--,--,06:13,--,0,--,--,"17,372",--,No,00:02.2,17,--,--,--,--,01:39:01,01:41:25,32,37
Running,18/05/2023 05:59,Tangerang - W2-D4,10.01,605,00:51:40,156,181,4,177,187,05:10,04:15,6,6,1.1,--,--,--,05:11,--,0,--,--,"9,134",--,No,00:02.8,11,--,--,--,--,00:51:38,00:51:40,34,40
Running,17/05/2023 05:53,Tangerang - W2-D3,6,371,00:37:33,136,144,2.5,169,179,06:15,05:25,5,4,0.94,--,--,--,06:16,--,0,--,--,"6,340",--,No,00:02.1,7,--,--,--,--,00:37:32,00:37:33,33,37
Running,15/05/2023 05:40,Tangerang - W2-D2,6.96,432,00:39:20,147,171,3.3,175,218,05:39,02:17,69,64,1.03,--,--,--,05:38,--,0,--,--,"6,928",--,No,00:01.6,25,--,--,--,--,00:39:19,00:39:20,33,41
Running,13/05/2023 05:52,Tangerang - W2 - D1,15,897,01:33:46,135,145,3.3,176,186,06:15,05:36,11,12,0.9,--,--,--,06:16,--,0,--,--,"16,674",--,No,00:02.3,16,--,--,--,--,01:33:39,01:35:58,34,38
Running,09/05/2023 05:27,Tangerang - W1-D4,10.01,614,00:52:55,155,184,4.2,175,187,05:17,04:09,17,17,1.08,--,--,--,05:18,--,0,--,--,"9,248",--,No,00:02.9,11,--,--,--,--,00:52:52,00:52:55,32,37
Running,08/05/2023 06:06,Tangerang - W1-D3,6.01,369,00:35:40,139,148,2.7,178,192,05:56,05:02,2,5,0.94,--,--,--,05:58,--,0,--,--,"6,336",--,No,00:02.2,7,--,--,--,--,00:35:39,00:35:40,27,33
Running,07/05/2023 05:41,Tangerang - W1-D2,6.01,370,00:35:50,143,166,3,170,194,05:57,04:00,52,88,1,--,--,--,05:56,--,0,--,--,"6,170",--,No,00:03.0,25,--,--,--,--,00:35:47,00:35:50,33,41
Running,06/05/2023 05:40,Tangerang - W1-D1,12,751,01:12:29,142,156,3.3,172,200,06:02,05:12,16,57,0.96,--,--,--,06:03,--,0,--,--,"12,434",--,No,00:00.9,13,--,--,--,--,01:12:25,01:14:16,33,37
Running,04/05/2023 05:54,Tangerang Running,7.5,468,00:46:37,139,152,2.8,175,200,06:13,04:46,9,7,0.92,--,--,--,06:14,--,0,--,--,"8,152",--,No,03:06.6,8,--,--,--,--,00:46:27,00:47:10,33,37
Running,02/05/2023 06:16,Tangerang - 40mins test,8.75,532,00:40:02,172,181,4.5,172,186,04:35,04:20,5,7,1.27,--,--,--,04:35,--,0,--,--,"6,814",--,No,00:02.5,10,--,--,--,--,00:40:01,00:40:02,34,41
Running,02/05/2023 05:46,Tangerang Running,3.37,214,00:20:00,143,151,2.4,175,187,05:57,05:31,2,2,0.96,--,--,--,05:58,--,0,--,--,"3,502",--,No,02:06.0,4,--,--,--,--,00:19:59,00:20:00,33,36
Running,29/04/2023 06:01,Tangerang Running,18.01,"1,084",01:31:22,156,168,4.5,176,200,05:04,04:21,28,32,1.12,--,--,--,05:06,--,0,--,--,"16,094",--,No,00:03.5,19,--,--,--,--,01:31:13,01:38:06,33,37
Running,27/04/2023 07:24,Tangerang Running,0.41,29,03:10.2,137,145,0.4,174,184,07:40,05:28,--,--,0.75,--,--,--,07:39,--,0,--,--,556,--,No,03:10.2,1,--,--,--,--,00:03:10,00:03:10,28,28
Running,27/04/2023 07:09,Tangerang Running,2.5,150,00:12:00,161,180,2.6,165,180,04:48,03:41,--,--,1.26,--,--,--,04:48,--,0,--,--,"1,946",--,No,02:27.1,3,--,--,--,--,00:11:57,00:12:00,27,28
Running,27/04/2023 06:16,Tangerang Running,0.86,52,05:45.2,129,141,0.7,173,200,06:40,04:37,1,48,0.87,--,--,--,06:47,--,0,--,--,988,--,No,05:45.2,1,--,--,--,--,00:05:44,00:05:45,27,29
Running,25/04/2023 05:35,Tangerang - 3x 3km,11,673,00:54:37,161,186,4.6,176,200,04:58,03:56,13,13,1.15,--,--,--,04:58,--,0,--,--,"9,570",--,No,00:00.5,12,--,--,--,--,00:54:34,00:54:52,33,38
Running,23/04/2023 05:38,Tangerang Running,11.05,683,01:00:02,151,160,3.6,178,188,05:26,05:09,10,12,1.03,--,--,--,05:27,--,0,--,--,"10,670",--,No,00:15.9,12,--,--,--,--,00:59:59,01:00:18,33,40
Running,22/04/2023 06:07,Tangerang Running,15.02,927,01:16:16,161,171,4.6,178,200,05:05,04:42,19,19,1.11,--,--,--,05:05,--,0,--,--,"13,568",--,No,00:06.7,16,--,--,--,--,01:16:07,01:20:48,30,36
Running,20/04/2023 05:42,Tangerang Running,11.54,717,01:00:05,158,167,4,181,206,05:12,04:33,17,19,1.06,--,--,--,05:13,--,0,--,--,"10,830",--,No,02:50.6,12,--,--,--,--,01:00:00,01:02:13,33,38
Running,15/04/2023 05:46,Tangerang Running,13.04,798,01:07:39,155,164,4,183,191,05:11,04:30,13,16,1.05,--,--,--,05:12,--,0,--,--,"12,312",--,No,00:12.5,14,--,--,--,--,01:07:33,01:08:56,33,38
Running,12/04/2023 06:41,Tangerang Running,3.41,207,00:17:52,153,184,2.7,177,188,05:14,03:09,5,4,1.08,--,--,--,05:16,--,0,--,--,"3,138",--,No,01:34.1,4,--,--,--,--,00:17:50,00:21:28,27,30
Running,12/04/2023 06:04,Tangerang Running,0.42,24,02:54.1,116,125,0.3,173,187,06:59,06:11,--,--,0.83,--,--,--,07:01,--,0,--,--,504,--,No,02:54.1,1,--,--,--,--,00:02:54,00:02:54,27,28
Running,11/04/2023 05:46,Tangerang - W2 Tempo,13.01,797,01:05:11,159,178,4.5,175,191,05:01,04:01,15,13,1.14,--,--,--,05:01,--,0,--,--,"11,574",--,No,00:05.6,24,--,--,--,--,01:05:02,01:06:22,33,38
Running,08/04/2023 06:12,Tangerang Running,8.46,539,00:55:51,138,185,3,169,197,06:36,03:55,28,29,0.89,--,--,--,06:34,--,0,--,--,"9,536",--,No,02:00.2,9,--,--,--,--,00:54:20,01:00:00,29,40
Running,08/04/2023 05:05,Tangerang - 08/04,9.03,548,00:47:08,151,173,3.6,184,196,05:13,04:01,7,52,1.04,--,--,--,05:14,--,0,--,--,"8,676",--,No,00:10.0,16,--,--,--,--,00:47:05,00:47:38,33,37
Running,07/04/2023 05:24,Tangerang - W1 Tempo,13.01,791,01:07:44,153,173,4.2,179,191,05:12,04:08,13,15,1.08,--,--,--,05:13,--,0,--,--,"12,140",--,No,00:04.1,24,--,--,--,--,01:07:34,01:08:40,32,39
Running,04/04/2023 05:32,Tangerang - W1 4x2km,15.01,909,01:15:49,158,178,4.6,180,214,05:03,04:05,17,17,1.1,--,--,--,05:04,--,0,--,--,"13,678",--,No,00:02.0,16,--,--,--,--,01:15:45,01:21:28,33,39
Running,02/04/2023 05:59,Tangerang Running,7.8,497,00:47:39,138,148,3,180,188,06:06,05:31,6,6,0.91,--,--,--,06:07,--,0,--,--,"8,538",--,No,04:45.3,8,--,--,--,--,00:47:38,00:47:39,34,40
Running,01/04/2023 06:15,Tangerang Running,13.01,796,01:09:04,151,158,3.8,183,191,05:19,04:44,8,11,1.03,--,--,--,05:19,--,0,--,--,"12,566",--,No,00:02.7,14,--,--,--,--,01:09:00,01:09:52,30,36
Running,30/03/2023 05:44,Tangerang Running,12.09,747,01:05:00,151,163,3.8,183,200,05:23,04:47,15,16,1.02,--,--,--,05:23,--,0,--,--,"11,814",--,No,00:28.6,13,--,--,--,--,01:04:51,01:06:23,32,37
Running,28/03/2023 05:58,Tangerang Running,10.02,604,00:52:07,148,173,3.7,184,194,05:12,03:54,29,29,1.04,--,--,--,05:13,--,0,--,--,"9,558",--,No,00:03.6,11,--,--,--,--,00:52:04,00:53:39,26,29
Running,25/03/2023 05:20,Tangerang Running,24.54,"1,461",02:00:01,162,173,5,181,195,04:53,04:22,19,25,1.13,--,--,--,04:54,--,0,--,--,"21,556",--,No,02:38.1,25,--,--,--,--,01:59:51,02:13:11,33,39
Running,23/03/2023 05:38,Tangerang - 3x15mins,14.86,894,01:15:02,160,187,4.5,176,189,05:03,04:19,16,60,1.13,--,--,--,05:03,--,0,--,--,"13,214",--,No,00:01.9,19,--,--,--,--,01:14:53,01:17:58,33,37
Running,21/03/2023 05:51,Tangerang - Interval,12.33,735,01:05:10,151,176,3.9,173,193,05:17,03:22,16,60,1.1,--,--,--,05:22,273,0,255,416,"11,454",--,No,00:10.2,35,--,--,--,--,01:05:04,01:06:08,33,37
Running,18/03/2023 05:01,Tangerang Running,20.41,"1,246",01:40:02,160,172,5,182,196,04:54,03:51,18,17,1.12,--,--,--,04:55,284,0,284,384,"18,096",--,No,01:56.4,21,--,--,--,--,01:39:52,01:46:16,34,40
Running,16/03/2023 05:37,Tangerang - 2x20mins,14.1,866,01:10:05,160,183,--,176,189,04:58,04:17,66,66,1.15,--,--,--,--,--,0,--,--,"12,264",--,No,00:04.8,17,--,--,--,--,01:09:35,01:11:55,29,49
Running,13/03/2023 05:42,Tangerang Running,14.27,897,01:16:36,151,162,--,182,201,05:22,04:33,57,55,1.02,--,--,--,--,--,0,--,--,"13,946",--,No,01:25.8,15,--,--,--,--,01:15:06,01:19:25,29,49
Running,10/03/2023 04:53,Tangerang Running,15.36,953,01:17:32,162,171,--,175,185,05:03,04:10,69,66,1.13,--,--,--,--,--,0,--,--,"13,568",--,No,01:43.1,16,--,--,--,--,01:16:12,01:20:01,30,49
Running,07/03/2023 05:45,Tangerang - 2x20mins,13.99,842,01:09:54,163,182,4.7,176,187,05:00,03:59,12,12,1.14,--,--,--,05:00,--,0,--,--,"12,244",--,No,00:02.4,17,--,--,--,--,01:09:46,01:10:58,34,42
