Activity Type,Date,Title,Distance,Calories,Time,Avg HR,Max HR,Aerobic TE,Avg Run Cadence,Max Run Cadence,Avg Pace,Best Pace,Total Ascent,Total Descent,Avg Stride Length,Training Stress Score®,Steps,Min Temp,Decompression,Best Lap Time,Number of Laps,Max Temp,Moving Time,Elapsed Time,Min Elevation,Max Elevation
Running,16/03/2024 08:18,Running,43.14,"2,344",04:44:36,128,156,3.6,161,183,06:36,04:22,707,722,0.94,0,"46,152",16,No,00:49.7,44,23,04:36:01,04:44:36,-67,-25
Running,15/03/2024 08:21,Running,4.82,265,00:39:42,101,125,1.2,127,191,08:15,05:32,48,57,0.97,0,"5,282",16,No,06:32.9,5,20,00:34:30,00:48:15,-90,20
Treadmill Running,13/03/2024 16:32,Treadmill Running,2.58,219,00:26:37,116,146,2.3,117,170,10:20,05:34,--,--,0.81,0,"3,404",29,No,07:20.7,3,31,00:19:06,00:26:37,--,--
Running,10/03/2024 06:29,Tangerang Running,8.55,526,01:03:50,107,126,2,161,181,07:28,06:07,35,35,0.83,0,"10,314",28,No,03:59.2,9,30,01:03:28,01:08:37,29,41
Running,09/03/2024 06:00,Tangerang Running,15.23,917,01:47:18,119,134,2.5,158,175,07:03,05:24,54,77,0.9,0,"16,976",28,No,01:19.9,16,30,01:45:26,01:57:46,10,46
Running,07/03/2024 17:49,Tangerang Running,1.01,74,06:50.2,131,141,1.4,164,181,06:45,05:55,11,4,0.9,0,"1,148",31,No,00:04.6,2,32,00:06:45,00:06:50,40,49
Running,07/03/2024 17:15,Tangerang Running,5.02,322,00:30:09,130,144,2.7,160,170,06:00,05:02,27,31,1.04,0,"4,822",30,No,00:06.0,6,32,00:29:49,00:30:09,29,43
Running,07/03/2024 06:49,Tangerang Running,9.09,619,00:56:16,134,154,3.2,165,183,06:11,04:58,65,63,0.98,0,"9,272",29,No,00:26.1,10,32,00:56:10,01:01:26,34,46
Running,05/03/2024 16:40,Tangerang Running,10.01,617,01:06:38,123,148,2.3,163,174,06:39,05:19,59,57,0.92,0,"10,848",30,No,00:03.6,11,32,01:06:31,01:11:11,28,44
Running,05/03/2024 07:24,Tangerang Running,8.25,534,00:52:30,128,158,2.8,167,218,06:22,04:35,62,59,0.94,0,"8,778",29,No,01:13.3,9,33,00:52:23,00:55:09,34,46
Running,04/03/2024 08:02,Tangerang Running,5.13,360,00:32:23,131,151,3,160,170,06:19,05:18,25,28,0.99,0,"5,170",30,No,00:44.2,6,33,00:32:20,00:32:23,36,45
Running,02/03/2024 05:28,Tangerang Running,21.22,"1,250",02:32:59,115,140,2.7,158,181,07:13,05:35,127,87,0.87,0,"24,316",28,No,01:25.6,22,32,02:32:22,02:57:22,33,53
Running,01/03/2024 07:52,Tangerang Running,10.08,669,01:07:32,128,149,2.6,161,175,06:42,05:03,90,81,0.93,0,"10,910",29,No,00:23.5,11,33,01:07:16,01:12:34,37,49
Running,28/02/2024 17:04,Tangerang Running,10.02,678,01:06:58,129,152,3.1,160,177,06:41,05:29,74,67,0.93,0,"10,772",31,No,00:05.2,11,32,01:06:18,01:14:31,31,44
Running,27/02/2024 07:31,Tangerang Running,5.01,331,00:36:32,115,146,2.4,162,175,07:17,05:20,20,22,0.84,0,"5,944",30,No,00:03.2,6,31,00:36:14,00:37:11,40,47
Running,25/02/2024 05:19,Tangerang Running,22.03,"1,358",02:49:50,110,126,2.7,160,181,07:43,05:56,124,89,0.81,0,"27,130",28,No,00:11.5,23,31,02:49:06,03:16:19,33,47
Running,24/02/2024 07:32,Tangerang Running,4,265,00:27:30,126,147,2.3,154,192,06:52,04:19,21,19,0.94,0,"4,366",29,No,00:02.2,5,32,00:27:18,00:32:22,38,46
Running,23/02/2024 06:41,Tangerang Running,10.08,664,01:05:10,131,154,3.2,164,183,06:28,04:47,73,71,0.94,0,"10,708",29,No,00:21.8,11,33,01:05:04,01:10:56,26,45
Running,21/02/2024 07:10,Tangerang Running,8.01,528,00:57:22,118,153,2.9,161,175,07:10,05:08,25,25,0.86,0,"9,258",29,No,00:01.8,9,32,00:57:03,01:00:09,36,46
Running,20/02/2024 06:38,Tangerang Running,8.46,556,00:57:03,126,146,3,169,196,06:45,03:35,19,16,0.87,0,"9,666",28,No,02:52.8,9,31,00:56:58,00:58:16,38,46
Running,18/02/2024 17:41,Tangerang Running,10.01,674,01:03:05,133,155,3.5,167,179,06:18,05:03,67,80,0.95,0,"10,508",30,No,00:02.8,11,31,01:02:55,01:05:17,34,46
Running,16/02/2024 05:37,Tangerang Running,14.48,"1,009",01:58:52,124,172,3.4,144,179,08:13,05:40,79,61,0.87,0,"17,292",28,No,06:33.2,15,31,01:46:08,02:10:05,32,49
Running,15/02/2024 07:15,Tangerang Running,8.1,518,00:54:28,120,155,3.1,165,181,06:44,04:51,43,36,0.9,0,"9,012",29,No,00:25.9,9,32,00:54:16,00:59:27,35,46
Running,14/02/2024 08:21,Tangerang Running,7.16,479,00:49:53,121,153,2.9,162,173,06:58,05:09,20,19,0.88,0,"8,120",29,No,00:50.5,8,31,00:49:41,00:49:53,38,45
Running,12/02/2024 16:57,Tangerang Running,8.02,557,00:52:11,133,154,3.2,164,175,06:30,05:27,60,47,0.94,0,"8,576",32,No,00:06.6,9,34,00:51:57,01:00:08,35,45
Running,11/02/2024 06:48,Tangerang Running,11,711,01:15:11,131,157,3,154,204,06:50,04:29,110,111,0.95,0,"11,872",28,No,00:01.6,12,34,01:09:19,01:18:50,26,47
Running,08/02/2024 05:42,Tangerang Running,21.07,"1,241",02:26:58,119,147,3,161,177,06:59,05:21,84,67,0.89,0,"23,704",27,No,00:23.6,22,31,02:25:16,02:45:36,39,58
Running,06/02/2024 07:46,Tangerang Running,5,343,00:31:50,134,149,3,164,175,06:22,05:26,16,15,0.96,0,"5,226",28,No,00:01.2,6,30,00:31:47,00:31:50,39,46
Running,04/02/2024 07:18,Tangerang Running,5.03,309,00:42:41,108,131,1.5,152,216,08:29,03:37,23,30,0.78,0,"6,530",28,No,00:16.3,6,31,00:42:31,00:42:41,31,45
Running,03/02/2024 06:09,Tangerang Running,20.22,"1,255",02:22:14,127,154,3.1,160,181,07:02,05:10,118,115,0.89,0,"22,768",28,No,01:13.9,21,32,02:18:18,02:29:14,25,50
Running,01/02/2024 06:34,Tangerang Running,12.12,947,01:20:01,150,178,4.5,165,175,06:36,05:36,45,40,0.92,0,"13,226",27,No,00:38.2,13,31,01:19:49,01:26:20,34,45
Running,30/01/2024 07:14,Tangerang Running,6.18,377,00:41:35,119,141,2.2,169,181,06:44,05:11,35,37,0.88,0,"7,050",27,No,00:57.2,7,29,00:41:15,00:41:35,34,48
Running,28/01/2024 17:30,Tangerang Running,5.62,371,00:39:52,122,156,2.6,158,213,07:06,04:24,17,25,0.89,0,"6,360",30,No,03:17.8,6,31,00:39:50,00:40:53,31,44
Running,27/01/2024 06:27,Tangerang Running,15.02,930,01:44:07,121,146,2.6,162,177,06:56,05:19,101,100,0.89,0,"16,950",27,No,00:04.0,16,31,01:44:00,02:02:50,19,42
Running,25/01/2024 17:41,Tangerang Running,10.01,688,01:12:37,128,148,3.1,160,181,07:15,05:33,50,66,0.86,0,"11,674",31,No,00:03.5,11,32,01:10:56,01:12:37,24,44
Running,24/01/2024 07:30,Tangerang Running,5.01,325,00:38:19,112,125,2.1,163,175,07:39,06:33,42,44,0.8,0,"6,282",29,No,00:02.6,6,32,00:37:50,00:38:19,34,45
Running,23/01/2024 06:43,Tangerang Running,7.01,450,01:02:29,104,124,2,151,174,08:54,06:37,55,53,0.74,0,"9,478",28,No,00:06.2,8,30,01:00:24,01:03:29,32,46
Running,21/01/2024 06:20,Tangerang Running,11.52,717,01:24:28,118,141,2.5,161,183,07:20,05:49,94,90,0.84,0,"13,782",28,No,05:06.8,12,32,01:22:15,01:38:16,34,48
Running,20/01/2024 06:36,Tangerang Running,8.01,528,01:12:37,111,146,2.1,131,245,09:04,04:20,36,33,0.84,0,"10,174",28,No,00:02.7,9,30,01:08:50,01:14:12,38,46
Running,18/01/2024 07:07,Tangerang Running,12.01,835,01:17:02,137,155,3.6,165,177,06:25,05:15,62,65,0.94,0,"12,734",28,No,00:01.9,13,31,01:16:44,01:19:19,34,45
Running,16/01/2024 07:36,Tangerang Running,10.01,652,01:08:18,125,146,2.8,167,177,06:49,05:42,74,73,0.88,0,"11,418",28,No,00:02.7,11,32,01:08:03,01:13:02,36,49
Running,15/01/2024 07:48,Tangerang Running,8.18,575,00:52:58,134,154,3.4,167,179,06:28,05:33,50,51,0.92,0,"8,848",30,No,01:13.8,9,33,00:52:53,00:53:06,37,45
Running,13/01/2024 06:41,Tangerang Running,12.08,736,01:22:35,120,144,2.6,168,191,06:50,05:50,104,87,0.87,0,"13,898",27,No,00:30.4,13,31,01:22:24,01:25:52,37,53
Running,12/01/2024 07:47,Tangerang Running,8.03,534,00:52:43,129,149,3.2,166,176,06:34,05:20,24,27,0.91,0,"8,788",29,No,00:12.7,9,32,00:52:34,00:53:46,32,42
Running,09/01/2024 07:11,Tangerang Running,13.14,867,01:29:12,127,149,3.3,166,178,06:47,05:17,63,57,0.88,0,"14,846",29,No,00:49.0,14,32,01:29:06,01:35:17,39,52
Running,07/01/2024 07:12,Tangerang Running,10.02,639,01:07:38,125,152,2.9,164,179,06:45,05:22,31,42,0.9,0,"11,124",29,No,00:04.5,11,32,01:07:10,01:08:40,26,44
Running,06/01/2024 06:53,Tangerang Running,7.6,516,00:47:08,136,160,3.4,168,189,06:12,04:30,22,18,0.96,0,"7,894",28,No,03:23.5,8,32,00:46:10,00:51:08,39,49
Running,05/01/2024 07:33,Tangerang Running,5.02,321,00:37:15,110,135,2.3,164,183,07:25,04:46,14,22,0.82,0,"6,122",28,No,00:05.5,6,30,00:37:12,00:38:19,38,45
Running,04/01/2024 07:27,Tangerang Running,5.05,345,00:32:07,133,160,3.2,164,181,06:21,04:46,20,23,0.96,0,"5,278",29,No,00:14.2,6,31,00:31:56,00:32:07,37,45
Running,31/12/2023 08:02,Tangerang Running,8.88,616,01:00:02,129,161,3.4,163,170,06:46,05:29,51,47,0.91,0,"9,758",31,No,05:30.8,9,34,00:59:54,01:07:30,39,47
Treadmill Running,29/12/2023 07:29,Treadmill Running,5.01,303,00:35:37,118,133,2.2,154,175,07:06,05:34,--,--,0.91,0,"5,684",29,No,00:04.2,6,31,00:34:08,00:35:37,--,--
Treadmill Running,27/12/2023 07:19,Treadmill Running,3.88,219,00:27:53,113,134,2,159,178,07:11,05:37,--,--,0.87,0,"4,588",29,No,05:26.1,4,30,00:27:09,00:29:14,--,--
Running,23/12/2023 07:37,Tangerang Running,3.76,256,00:23:58,129,151,2.8,164,175,06:23,05:27,15,16,0.96,0,"3,928",29,No,04:28.7,4,31,00:23:57,00:23:58,37,44
Running,22/12/2023 07:01,Tangerang Running,6.51,431,00:47:13,121,153,2.7,162,193,07:15,05:11,29,35,0.85,0,"7,714",28,No,02:47.9,7,30,00:46:43,00:47:13,32,44
Running,21/12/2023 07:20,Tangerang Running,5.02,334,00:30:06,136,162,3.4,169,183,06:00,04:41,34,41,0.98,0,"5,092",26,No,00:04.7,6,29,00:30:02,00:30:59,23,43
Running,19/12/2023 07:06,Tangerang Running,8.07,502,00:55:05,123,144,2.5,165,177,06:50,05:12,57,66,0.89,0,"9,152",29,No,00:19.8,9,31,00:55:00,00:55:05,35,45
Running,18/12/2023 07:05,Tangerang Running,6.02,411,00:48:40,120,143,2.8,135,196,08:05,05:06,35,41,0.92,0,"6,886",29,No,00:08.2,7,33,00:46:45,00:49:06,52,65
Running,16/12/2023 06:20,Tangerang Running,10.39,595,01:13:13,117,135,2.3,161,181,07:03,04:50,54,46,0.88,0,"11,902",27,No,03:45.8,11,32,01:12:50,01:14:59,39,55
Running,15/12/2023 18:12,Tangerang Running,5.48,354,00:42:26,116,149,2.3,152,236,07:45,05:18,16,28,0.85,0,"6,546",31,No,03:07.6,6,32,00:42:03,00:43:07,34,43
Running,14/12/2023 08:06,Tangerang Running,5.01,341,00:33:25,130,151,3.1,166,177,06:40,05:36,43,43,0.9,0,"5,550",30,No,00:02.5,6,32,00:33:23,00:33:25,38,48
Running,12/12/2023 08:02,Tangerang Running,5.01,338,00:36:12,123,141,2.7,164,172,07:14,06:08,26,26,0.84,0,"5,954",30,No,00:02.4,6,33,00:36:10,00:36:12,38,46
Running,11/12/2023 07:15,Tangerang Running,5.01,339,00:37:20,121,145,2.5,167,181,07:27,05:31,23,29,0.8,0,"6,246",30,No,00:03.1,6,32,00:36:43,00:39:32,51,57
Running,09/12/2023 06:20,Tangerang Running,7.04,441,00:48:23,122,135,2.5,164,189,06:52,06:05,32,21,0.89,0,"8,004",28,No,00:14.1,8,31,00:48:11,00:48:23,39,53
Running,07/12/2023 17:50,Tangerang Running,6.36,416,00:50:30,116,135,2.3,160,172,07:57,06:33,22,25,0.79,0,"8,066",31,No,03:07.1,7,33,00:50:16,00:52:28,33,47
Running,06/12/2023 07:52,Tangerang Running,2.52,165,00:20:18,113,134,2.5,161,185,08:04,06:24,25,16,0.77,0,"3,298",30,No,04:04.6,3,33,00:20:15,00:47:51,38,45
Running,05/12/2023 07:07,Tangerang Running,8.01,522,00:57:55,120,155,3,158,177,07:14,05:35,44,39,0.88,0,"9,240",29,No,00:03.1,9,31,00:57:11,00:59:07,37,46
Running,03/12/2023 07:31,Tangerang Running,7.44,563,00:51:53,139,153,3.4,169,185,06:59,05:56,39,36,0.85,0,"8,882",30,No,03:05.9,8,32,00:51:16,00:57:06,33,47
Running,01/12/2023 07:33,Tangerang Running,5.01,326,00:33:31,123,146,2.8,166,183,06:41,05:19,13,19,0.9,0,"5,576",29,No,00:03.9,6,30,00:33:11,00:33:31,35,43
Running,29/11/2023 07:30,Tangerang Running,2.52,180,00:17:41,128,139,2.4,164,172,07:01,06:13,5,8,0.87,0,"2,894",29,No,03:29.1,3,30,00:17:36,00:17:41,38,43
Running,26/11/2023 17:08,Tangerang Running,5.1,339,00:45:54,102,120,1.8,142,164,09:00,07:09,22,31,0.78,0,"6,586",30,No,00:44.9,6,32,00:42:12,00:46:08,31,44
Running,25/11/2023 07:34,Tangerang Running,7.51,495,01:03:58,103,123,2,151,170,08:31,06:34,24,25,0.78,0,"9,682",29,No,03:55.7,8,31,01:00:42,01:08:51,58,67
Running,24/11/2023 07:30,Tangerang Running,5.11,315,00:53:04,96,113,0.9,141,175,10:23,07:32,12,17,0.69,0,"7,572",31,No,01:05.6,6,34,00:52:39,00:53:04,33,41
Running,22/11/2023 07:47,Tangerang Running,5.01,333,00:38:35,114,139,2.3,162,179,07:42,06:17,19,25,0.8,0,"6,288",30,No,00:02.4,6,33,00:38:32,00:38:35,31,46
Running,21/11/2023 06:49,Tangerang Running,5.01,322,00:46:22,105,131,2,145,166,09:16,06:46,15,16,0.74,0,"6,758",29,No,00:02.3,6,32,00:46:22,00:46:22,36,45
Running,19/11/2023 07:02,Tangerang Running,5.15,356,00:35:36,125,151,3,163,187,06:55,05:17,39,39,0.89,0,"5,840",29,No,01:41.9,6,31,00:34:55,00:35:56,40,49
Running,17/11/2023 17:34,Tangerang Running,5.01,316,00:44:47,105,124,1.4,153,164,08:56,07:48,18,25,0.73,0,"6,872",31,No,00:03.8,6,32,00:44:28,00:44:47,30,43
Running,13/11/2023 17:35,Tangerang Running,5.05,317,00:48:53,107,122,1.4,150,166,09:41,07:32,30,31,0.69,0,"7,356",31,No,00:20.1,6,32,00:48:34,00:50:12,36,47
Running,11/11/2023 18:04,Tangerang Running,2.75,160,00:36:55,77,110,0.3,127,148,13:25,11:32,3,14,0.59,0,"4,686",29,No,09:38.0,3,30,00:36:55,00:36:55,-24,-12
Running,09/11/2023 17:25,Tangerang Running,2,127,00:29:08,77,97,0.3,107,172,14:33,08:59,11,20,0.65,0,"3,254",31,No,00:02.0,3,32,00:26:28,00:29:08,36,47
Running,05/11/2023 09:06,Üsküdar Running,42.49,"2,732",05:24:56,128,163,4,161,189,07:39,05:05,459,475,0.81,0,"52,604",21,No,04:19.7,43,31,05:20:28,05:24:56,-32,73
Running,04/11/2023 11:40,Istanbul Running,1.04,55,07:26.0,105,122,0.5,153,177,07:08,06:41,19,13,0.91,0,"1,142",27,No,00:20.2,2,29,00:07:26,00:07:26,7,27
Running,04/11/2023 10:30,Fatih Running,5.01,344,00:37:19,119,140,2.4,159,181,07:27,05:48,33,29,0.85,0,"5,960",26,No,00:08.1,6,31,00:36:21,00:38:18,-13,3
Running,02/11/2023 07:54,Tangerang Running,3.01,195,00:23:55,111,133,1.7,148,168,07:57,06:16,23,19,0.85,0,"3,602",31,No,00:01.9,4,33,00:23:30,00:23:55,40,47
Running,31/10/2023 07:42,Tangerang Running,5.01,349,00:31:28,130,155,3.1,165,177,06:17,04:41,26,21,0.96,0,"5,198",31,No,00:02.2,6,33,00:31:27,00:31:28,40,49
Running,29/10/2023 05:30,Tangerang Running,20.83,"1,318",02:08:11,136,163,3.3,171,185,06:09,05:26,128,129,0.95,0,"21,906",27,No,04:40.0,21,32,02:06:53,02:08:11,-4,12
Running,28/10/2023 06:31,Tangerang Running,9.01,552,01:01:40,117,144,2.2,166,181,06:50,04:59,58,65,0.88,0,"10,234",28,No,00:04.1,10,31,01:01:30,01:01:40,35,44
Running,26/10/2023 17:31,Tangerang Running,10.01,642,01:04:55,128,154,2.8,166,189,06:29,04:12,54,55,0.93,0,"10,800",29,No,00:01.9,11,31,01:04:51,01:08:51,22,49
Running,24/10/2023 17:20,Tangerang Running,5.01,322,00:32:06,122,142,2.7,162,172,06:25,05:23,15,25,0.96,0,"5,176",31,No,00:01.8,6,32,00:32:03,00:32:06,31,44
Running,22/10/2023 05:37,Tangerang Running,20.01,"1,244",02:19:31,122,153,3.1,163,211,06:58,04:47,134,106,0.88,0,"22,786",28,No,00:03.0,21,33,02:17:48,02:39:05,34,57
Running,20/10/2023 06:47,Tangerang Running,10.14,668,01:11:22,128,157,3.2,159,204,07:02,04:33,119,102,0.89,0,"11,474",30,No,01:10.8,11,34,01:10:54,01:14:14,32,50
Running,18/10/2023 17:26,Tangerang Running,5.08,344,00:29:07,138,159,3.4,169,187,05:44,04:09,58,58,1.03,0,"4,922",31,No,00:19.5,6,32,00:28:59,00:29:07,40,53
Running,16/10/2023 18:06,Tangerang Running,5.01,343,00:32:25,128,157,3.1,161,179,06:28,04:13,14,18,0.96,0,"5,212",31,No,00:02.7,6,32,00:32:16,00:32:25,33,43
Running,15/10/2023 05:21,Tangerang Running,22.01,"1,367",02:35:04,121,143,3.1,161,189,07:03,05:27,234,183,0.88,0,"25,224",28,No,00:02.6,23,33,02:32:30,03:10:56,22,50
Running,13/10/2023 17:37,Tangerang Running,11.02,708,01:13:57,123,151,2.8,161,174,06:43,04:38,72,62,0.92,0,"11,906",30,No,00:05.2,12,32,01:13:38,01:19:18,35,51
Running,11/10/2023 07:26,Tangerang Running,8.01,541,00:52:16,128,156,3.1,164,181,06:31,04:28,66,51,0.93,0,"8,622",30,No,00:03.2,9,33,00:52:11,00:54:39,40,55
Running,09/10/2023 17:46,Tangerang Running,10.06,659,01:26:51,110,145,2.3,133,240,08:38,04:12,57,66,0.87,0,"12,094",30,No,00:16.6,11,32,01:18:23,01:28:43,23,44
Running,09/10/2023 07:13,Tangerang Running,5.01,321,00:36:36,115,139,2.2,154,168,07:18,05:28,32,30,0.89,0,"5,680",30,No,00:03.9,6,32,00:35:54,00:36:36,40,50
Running,07/10/2023 05:25,Tangerang Running,10.03,641,01:07:01,125,137,2.6,166,183,06:41,05:38,36,43,0.9,0,"11,098",26,No,00:10.5,11,29,01:06:31,01:07:01,49,58
Running,06/10/2023 07:44,Tangerang Running,5.04,352,00:31:09,135,152,3.1,165,179,06:11,05:09,45,27,0.98,0,"5,174",30,No,00:11.3,6,32,00:31:04,00:34:47,34,49
Running,05/10/2023 06:42,Tangerang Running,5.91,645,00:56:38,144,170,3.7,146,214,09:34,06:17,18,21,0.71,0,"8,364",28,No,07:48.6,6,30,00:56:13,00:56:38,51,60
Running,02/10/2023 08:53,Milan Running,0.77,71,00:20:17,71,107,0.2,38,162,26:12:00,06:10,13,6,1.01,0,996,25,No,00:20:17,1,26,00:10:59,00:20:17,114,125
Running,01/10/2023 10:33,Milan Running,0.29,16,03:52.1,74,88,0,69,115,13:15,10:27,2,4,1.09,0,336,28,No,03:52.1,1,28,00:03:52,00:03:52,147,152
Running,29/09/2023 09:16,Barcelona Running,6.02,404,01:04:47,100,144,2,97,174,10:46,04:47,60,71,0.96,0,"6,722",27,No,00:05.8,7,29,00:47:05,01:04:47,13,28
Running,27/09/2023 08:01,Munich Running,3.49,305,01:02:01,90,127,0.8,70,178,17:45,03:41,56,61,0.84,0,"4,706",19,No,05:03.6,4,28,00:30:22,01:25:42,448,491
Running,24/09/2023 10:33,Berlin Running,42.84,"2,674",05:38:04,120,141,3.7,157,207,07:53,05:19,412,420,0.81,0,"53,232",21,No,05:52.3,43,30,05:29:34,05:38:04,-19,11
Running,23/09/2023 09:39,Berlin Running,2.01,108,00:18:51,92,117,0.6,114,183,09:24,03:40,24,31,0.93,0,"2,252",20,No,00:02.0,3,23,00:14:17,00:18:51,24,59
Running,21/09/2023 07:23,Tangerang Running,6.05,376,00:46:45,103,132,1.9,158,168,07:44,05:21,51,47,0.82,0,"7,442",30,No,00:18.4,7,32,00:46:38,00:57:50,30,46
Running,19/09/2023 17:43,Tangerang Running,4.01,258,00:33:14,100,141,1.3,157,164,08:18,06:41,12,17,0.77,0,"5,234",30,No,00:02.9,5,32,00:33:12,00:33:14,35,46
Running,17/09/2023 06:06,Tangerang Running,18.01,"1,183",01:54:31,135,151,3.4,167,197,06:22,04:47,112,88,0.94,0,"19,188",26,No,00:02.8,19,31,01:54:14,02:01:09,31,52
Running,16/09/2023 06:07,Tangerang Running,4.62,288,00:28:36,124,141,2.3,172,187,06:11,04:16,20,23,0.94,0,"4,884",27,No,03:01.3,5,28,00:28:34,00:32:43,42,54
Running,15/09/2023 17:51,Tangerang Running,5.3,396,01:00:03,107,147,1.6,91,249,11:20,02:59,108,104,0.95,0,"6,234",29,No,01:37.5,6,32,00:41:05,01:07:52,25,47
Running,14/09/2023 06:38,Tangerang Running,7.01,389,00:42:02,124,147,2.5,160,189,06:00,04:10,39,30,1.04,0,"6,782",26,No,00:01.2,8,29,00:41:17,00:48:57,33,46
Running,12/09/2023 07:12,Tangerang Running,5.02,324,00:30:51,127,160,2.8,177,187,06:09,04:16,34,40,0.92,0,"5,444",28,No,00:03.7,6,30,00:30:49,00:30:51,30,45
Running,10/09/2023 06:28,Tangerang Running,7.06,493,00:43:12,136,162,3.5,168,181,06:07,04:48,36,42,0.97,0,"7,268",27,No,00:22.6,8,29,00:42:53,00:43:12,16,28
Running,09/09/2023 05:37,Tangerang Running,21.1,"1,355",02:20:38,133,147,3.2,162,183,06:40,05:39,158,157,0.93,0,"22,772",27,No,00:44.6,22,31,02:18:36,02:27:18,48,67
Running,08/09/2023 07:37,Tangerang Running,5.05,329,00:37:41,115,151,2.3,151,242,07:28,04:52,36,34,0.89,0,"5,804",29,No,00:17.8,6,31,00:36:34,00:37:41,40,50
Running,06/09/2023 17:40,Tangerang Running,9.26,609,01:21:53,112,145,2,127,243,08:51,03:35,76,88,0.89,0,"11,016",30,No,01:50.9,10,32,01:16:37,01:21:53,27,42
Running,05/09/2023 06:30,Tangerang Running,7.25,513,00:42:20,140,155,3.6,180,189,05:50,05:15,30,38,0.95,0,"7,568",26,No,01:31.9,8,29,00:42:17,00:42:20,46,61
Running,03/09/2023 07:42,Tangerang Running,0.85,54,05:03.8,125,133,1,167,197,05:58,05:32,5,3,1,0,854,27,No,05:03.8,1,27,00:05:03,00:05:04,54,59
Running,03/09/2023 06:00,Tangerang Running,10.05,654,00:55:58,138,160,3.6,175,185,05:34,04:51,29,17,1.03,0,"9,794",25,No,00:13.4,11,29,00:55:55,00:55:58,45,61
Running,02/09/2023 05:43,Tangerang Running,30.01,"1,804",03:29:16,121,144,3.4,166,183,06:58,05:57,283,237,0.87,0,"34,684",27,No,00:01.5,31,33,03:29:01,03:46:47,25,49
Running,31/08/2023 06:47,Tangerang - Run Workout Inte,10.03,621,01:08:47,124,160,2.8,162,193,06:51,04:13,68,75,0.89,0,"11,120",27,No,00:04.1,28,30,01:08:28,01:08:53,28,47
Running,30/08/2023 07:22,Tangerang Running,5.02,323,00:33:34,120,143,2.4,175,185,06:42,05:06,24,29,0.85,0,"5,900",28,No,00:04.0,6,30,00:33:26,00:33:34,34,46
Running,27/08/2023 05:33,Gianyar Running,21.25,"1,389",02:33:31,125,154,3.1,158,176,07:13,05:15,182,186,0.88,0,"24,388",27,No,01:56.0,22,30,02:31:02,02:35:42,21,129
Running,26/08/2023 07:21,Badung Running,5.01,348,01:04:05,93,140,1.2,86,202,12:47,03:48,31,39,0.93,0,"6,106",29,No,00:04.1,6,32,00:40:07,01:04:05,18,25
Running,23/08/2023 06:30,Tangerang Running,10.51,661,01:17:52,116,149,2.3,162,193,07:25,04:38,78,75,0.83,0,"12,776",27,No,02:43.7,11,30,01:17:10,01:19:24,33,46
Running,21/08/2023 07:30,Tangerang - Tempo Run 8K,10.02,638,01:01:11,131,151,3.1,165,177,06:06,04:50,74,64,0.99,0,"10,086",28,No,00:06.8,11,31,01:00:55,01:02:58,38,50
Running,19/08/2023 06:38,Tangerang Running,12.2,823,01:25:03,131,154,3.1,153,202,06:58,03:41,89,84,0.93,0,"13,366",28,No,01:07.2,13,32,01:22:22,01:27:55,34,48
Running,17/08/2023 08:09,Tangerang Running,3.02,200,00:20:43,120,152,2.3,159,192,06:52,04:47,27,26,0.91,0,"3,332",29,No,00:06.3,4,30,00:20:26,00:20:43,26,37
Running,17/08/2023 05:13,Tangerang Running,17.08,"1,091",02:00:36,119,178,2.8,162,183,07:04,05:33,77,67,0.87,0,"19,760",26,No,00:37.3,18,31,01:59:11,02:55:29,30,47
Running,15/08/2023 06:53,Tangerang - Run Workout Inte,9.66,579,01:02:53,126,162,2.8,159,205,06:31,03:58,53,44,0.96,0,"10,124",27,No,00:32.4,25,30,01:01:13,01:04:19,34,49
Running,13/08/2023 05:40,Tangerang Running,22.01,"1,400",02:40:23,120,162,3,157,188,07:17,05:30,109,94,0.88,0,"25,216",24,No,00:03.4,23,28,02:37:13,02:57:48,16,40
Running,12/08/2023 07:51,Tangerang Running,5.01,362,00:30:35,137,163,3.3,167,177,06:06,04:59,16,18,0.98,0,"5,094",27,No,00:02.4,6,31,00:30:34,00:30:35,37,44
Running,10/08/2023 07:05,Tangerang Running,10.08,629,01:18:57,107,148,2.3,151,187,07:50,04:39,35,39,0.84,0,"12,086",28,No,00:24.0,11,31,01:18:33,01:25:49,29,41
Running,09/08/2023 07:26,Tangerang Running,5.01,332,00:30:21,131,150,3.1,175,227,06:04,04:11,17,19,0.95,0,"5,304",28,No,00:01.6,6,30,00:30:07,00:30:21,40,48
Running,08/08/2023 17:36,Tangerang - Run Workout Inte,8.09,518,01:00:14,125,158,2.6,138,181,07:27,04:18,27,36,0.97,0,"8,444",30,No,01:57.2,23,32,00:56:22,01:00:58,32,46
Running,06/08/2023 05:38,Tangerang Running,20.01,"1,213",02:14:08,128,144,3.1,157,181,06:42,05:36,174,162,0.95,0,"21,150",27,No,00:03.0,21,32,02:09:20,02:19:01,29,54
Running,05/08/2023 07:19,Tangerang Running,5.5,381,00:39:04,127,161,2.9,159,177,07:06,04:34,24,25,0.89,0,"6,222",29,No,02:28.5,6,31,00:38:42,00:39:04,34,43
Running,04/08/2023 07:04,Tangerang - Tempo Run 8K,9.93,735,01:04:28,141,160,4.3,159,174,06:30,05:29,61,66,0.97,0,"10,238",29,No,05:43.1,10,32,01:04:11,01:04:28,36,47
Running,02/08/2023 06:57,Tangerang - Run Workout Inte,9.06,613,01:04:51,133,156,3.2,147,221,07:09,04:18,81,85,0.93,0,"9,600",28,No,00:04.5,25,32,01:04:05,01:04:51,37,51
Running,31/07/2023 17:34,Tangerang Running,10.11,718,01:03:59,135,158,3.6,162,237,06:20,04:12,42,38,0.97,0,"10,468",29,No,00:31.6,11,31,01:03:12,01:06:20,33,44
Running,30/07/2023 06:53,Tangerang Running,14.52,921,02:04:03,104,160,2.6,142,221,08:33,03:50,64,50,0.81,0,"17,726",27,No,02:35.9,15,29,02:03:53,02:10:12,37,50
Running,23/07/2023 06:42,Malang Running,10.71,581,01:10:50,114,143,2.2,158,189,06:37,05:05,85,70,0.96,0,"11,374",23,No,04:16.2,11,28,01:08:34,01:19:12,493,515
Running,21/07/2023 07:29,Tangerang Running,10.04,628,01:29:59,103,148,2,143,219,08:58,03:41,75,71,0.79,0,"12,944",28,No,00:10.7,11,31,01:27:53,01:31:27,33,47
Running,19/07/2023 06:15,Tangerang Running,20.41,"1,254",02:29:28,113,153,3,154,221,07:19,04:16,196,157,0.89,0,"23,240",26,No,02:13.2,21,32,02:25:26,02:44:23,30,59
Running,17/07/2023 16:51,Tangerang Running,14.01,939,01:37:09,130,154,3.2,150,193,06:56,03:45,94,88,0.96,0,"14,730",31,No,00:03.9,15,33,01:35:25,01:46:29,26,50
Running,16/07/2023 07:40,Tangerang Running,7.27,443,01:21:10,82,112,0.6,128,216,11:10,06:40,52,56,0.7,0,"10,556",29,No,03:26.7,8,32,01:20:16,01:23:21,30,47
Running,15/07/2023 06:20,Tangerang Running,12.08,732,01:23:03,120,143,2.7,161,189,06:52,05:19,86,72,0.9,0,"13,450",28,No,00:25.5,13,31,01:21:14,01:27:14,31,50
Running,13/07/2023 07:21,Tangerang Running,5.01,340,00:27:47,140,160,3.2,163,175,05:33,04:28,24,17,1.1,0,"4,548",28,No,00:01.7,6,31,00:27:41,00:29:59,38,51
Running,11/07/2023 07:09,Tangerang Running,10,647,01:10:34,124,156,2.5,155,195,07:03,03:49,81,78,0.92,0,"10,986",28,No,00:01.5,11,31,01:09:43,01:11:22,36,47
Running,09/07/2023 06:36,Tangerang Running,10.06,622,01:03:53,125,144,2.9,164,191,06:21,04:18,53,60,0.96,0,"10,510",26,No,00:16.3,11,28,01:03:15,01:05:30,37,49
Running,08/07/2023 07:39,Tangerang Running,10.16,639,01:13:09,121,141,2.4,153,230,07:12,04:16,75,70,0.91,0,"11,364",28,No,01:00.7,11,33,01:12:19,01:13:44,40,53
Running,07/07/2023 08:00,Tangerang Running,8.24,556,00:51:14,131,149,3.2,159,166,06:13,05:24,50,47,1.01,0,"8,188",29,No,01:18.6,9,32,00:50:53,00:54:18,37,51
Running,04/07/2023 07:13,Tangerang Running,6.01,405,00:41:04,125,142,2.5,154,166,06:50,05:12,29,20,0.95,0,"6,370",28,No,00:02.3,7,31,00:40:52,00:42:08,35,48
Running,02/07/2023 07:55,Tangerang Running,10.36,659,01:12:23,119,148,2.4,154,216,06:59,03:52,77,71,0.93,0,"11,164",29,No,01:52.4,11,33,01:12:14,01:14:30,33,49
Running,01/07/2023 07:42,Tangerang Running,8.01,558,00:53:05,129,150,3,156,183,06:38,04:08,52,47,0.97,0,"8,350",29,No,00:02.0,9,32,00:52:23,00:56:09,35,49
